latitude,longitude,severity,depth
45.47,-27.93,5.3,10
17.98,-101.44,4.9,68
40.52,141.49,4.1,101
59.66,-152.53,1,67
11.01,-86.85,4.3,33
12.88,125.08,4.7,33
36.37,70.91,4.9,118
44.63,-111.06,3.2,5
36.46,140.9,4.6,55
-6.57,147.29,5.8,38
-6.36,147.48,4.4,31
17.06,-62.33,4,14
42.35,20.04,3.1,10
39.68,-110.51,2.9,0
41.12,20.18,3.2,10
1.3,126.28,0.4,33
64.97,-89.75,3.7,18
62.69,-151,0.8,78
-5.59,151.28,0.9,33
-31.69,-68.78,0.3,124
26.93,141.9,4.6,33
-24.3,-67.12,0.9,213
-6.25,120.11,5.3,47
-6.99,129.21,0.9,33
36.34,71.23,4.5,93
9.78,94.06,4.2,33
-21.2,-174.5,4.8,102
24.22,125.25,4.5,33
-8.9,156.76,5.3,10
-34.01,-70.15,0.4,33
-6.69,129.83,4.7,147
-7.02,128.55,4.8,317
-18.26,-173.91,4.8,33
34.07,135.42,0.3,79
43.56,16.51,3.2,10
39.7,82.62,4.2,10
59.82,-147.85,0.8,33
51.35,-176.71,5.2,33
5.22,-75.59,0.3,33
36.79,-121.27,2.5,10
-33.04,-70.25,0.8,112
-28.28,-63.23,4.1,568
-31.76,-69.74,0.6,136
51.34,15.66,3.6,10
40.37,51.56,5,40
39.97,24.44,1,10
59.7,-153.11,0.4,103
-4.96,152.35,4.9,67
40.42,26.15,0.5,10
27.49,141.46,4.6,33
0.86,126.08,4.9,33
34.4,-119.8,4.5,18
-1.76,134.38,4.9,10
-2.47,120.45,5,87
29.74,141.88,4.4,33
-6.07,147.16,5.1,111
12.54,125.32,5,33
35.88,141.67,0.7,33
36.19,-7.17,0.4,10
11.45,140.8,0.5,33
43.99,147.63,5.7,82
40.15,29.59,0.3,10
-18.91,-67.39,6,243
-6.79,144.85,3.5,33
32.23,137.54,4.7,384
-41.38,144.61,4,10
42.39,142.94,4.6,33
40.33,51.72,4.5,33
61.69,-151.83,0.2,102
39.42,27.92,1.1,10
-5.28,152.08,3.8,33
-6.89,129.64,5.3,33
-42.53,145.29,0.9,10
61.98,-124.28,4.1,10
6.8,123.98,4,56
54.28,-121.85,6,18
23.42,121.57,5.6,44
40.83,27.85,0.6,10
24.85,122.55,4.5,33
24.45,122.65,4.9,33
-24.09,-66.87,0.6,225
-31.63,-68.67,0.6,7
44.27,6.28,2.6,10
24.41,122.59,4.6,33
36.52,70.46,4.2,132
39.23,-112.01,2.8,0
38.4,25.14,4.1,10
62.8,-150.5,1,89
-6.25,104.16,5.7,46
38.46,25.16,3.1,10
40.34,63.66,5.2,33
37.4,143.04,4.8,33
38.36,25.16,3.2,10
45.1,14.74,3.9,10
-7.09,129.56,4.1,167
40.17,29.65,0.6,10
24.9,123.36,4.6,33
51.39,15.96,3.5,10
39.57,29.86,0.8,10
26.08,98.94,4.4,33
28.4,140.55,4.8,33
38.35,25.23,3,10
38.5,25.13,3.5,10
-33.84,-71.94,0.5,20
47.35,0.14,2.2,10
42.31,20.14,2.6,10
38.41,25.18,4,10
-17.23,167.39,5,33
38.99,27.58,0.5,10
34.64,24.62,4.3,42
39.63,29.55,0.4,10
23.99,123.21,4.5,33
-7.36,128.93,4.6,236
38.4,25.07,3.1,10
-13.32,26.4,2.8,10
71.08,8.35,4.6,10
39.05,29.47,0.4,10
3.14,95.93,4.3,108
28.13,140.55,4.9,33
-26.25,-177.1,5.2,102
-35.2,179.79,4.9,33
4.55,-76.21,4.9,142
63.19,-150.54,0.3,142
62.23,-150.24,2.9,33
-8.73,157.42,0.9,56
0.47,98.9,0.9,33
60.64,-151.67,0.5,68
59.79,-152.7,0.6,89
-24.95,-177.48,4.3,265
11.79,143.07,4.3,33
36.33,70.65,4.2,33
-15.56,-173.9,5.3,88
60.16,-152.25,1.1,65
-31.9,-68.28,4,118
40.32,27.41,0.8,10
53.27,161.66,5.1,33
-9.29,-79.02,5.5,61
42.98,-0.14,2.7,10
-2.56,141.32,4.7,33
48.44,-3.71,3.3,11
11.51,-87.52,4,33
35.83,-117.77,3.3,4
-25.7,-179.43,4.5,450
15.64,-61.29,0.6,140
72.18,-130.47,5,10
38.41,25.17,4.7,27
-24.05,-69.48,4.4,112
45.5,26.97,4.8,41
60.39,-152.16,1,84
-6.84,154.53,5.4,35
40.88,28.72,0.5,10
45.32,26.43,0.3,10
48.02,6.67,2.6,10
-5.2,144.96,4.9,84
60.16,4.89,2.3,10
50.54,5.55,1,10
24.95,124.6,4.1,33
35.37,131.52,5.1,33
46.46,13.04,2,10
-47.24,100.1,5.6,10
15.76,-60.47,2.8,10
38.46,25.16,3.7,10
48.05,6.66,2.8,10
30.52,141.76,4.6,55
-4.96,153.45,0.7,67
33.68,134.2,3.9,48
36.86,71.08,4.8,99
57.77,-156.54,4.4,141
30.59,137.76,4.6,483
42.33,20.14,2.8,10
37.98,37.82,3.8,10
15.53,-59.83,2.4,10
24.95,123.54,4.5,72
-17.68,27.26,3.6,10
42.33,20,3,10
51.5,-174.8,4.9,33
51.2,-176.9,5.2,33
51.43,-175.88,5,33
51.15,-175.9,4.4,33
51.03,-176.12,4.1,33
51.14,-176.1,4.5,33
5.35,125.36,4.8,33
51.18,-176.17,4.8,33
59.31,6.88,0.9,10
37.91,21.23,3.3,10
-3.47,147.11,5.2,10
31.47,-115.6,3.2,8
51.52,-173.67,5.3,33
-6.05,151.38,4.1,33
17.25,-62.54,3,10
39.69,25.02,3.3,10
37.58,19.87,0.8,10
36.25,141.51,0.5,33
52.05,-174.78,4,33
42.36,19.99,2.5,10
-30.66,117.28,1.1,10
39.37,28.37,0.5,10
39.55,28.4,0.5,10
75.57,111.44,4.6,10
15.66,-60.32,2.7,10
39.44,28.36,0.4,10
-15.08,-76.57,0.9,33
43.09,145.41,4.3,92
37.12,-116.06,3.9,0
-2.03,100.53,1,33
15.46,-62.16,0.3,33
43.16,26.03,1,5
36.05,70.48,4.5,33
-20.06,168.49,5.1,33
10.63,-85.95,4.7,57
-32.4,-69.42,4.4,125
27.68,140.84,4.9,33
59.12,-152.16,4.5,61
36.29,70.8,4.9,116
36.91,-121.3,2.7,5
39.13,27.62,0.8,10
10.53,-62.57,4.3,121
-24.28,179.55,4.4,607
-44.22,39.05,5,10
22.3,143.89,4.7,97
34.65,-96.65,1.3,5
44.46,10.71,2.8,10
35.8,135.2,4.4,26
38.48,25.11,4.1,11
-6.73,147.45,4.6,82
62.13,-148.6,1,45
31.8,141.48,4.6,58
44.95,6.46,2.3,10
17.81,-105.5,4.6,10
-36.35,-97.38,5.3,10
59.53,6.31,2,10
18.08,-66.86,4.1,18
59.74,-153.4,4.3,145
38.02,37.88,4.6,10
-19.89,168.81,0.9,33
-5.23,151.91,4.8,68
51.28,-176,4.3,33
24.26,121.89,4.2,80
47.63,147.92,4.9,388
-2.07,139.19,4.9,33
59.29,6.92,2.2,10
43.67,87.34,4.8,33
36.06,-119.94,3.6,6
51.4,-174.76,4.3,33
45.14,7.63,3,10
59.28,6.97,1.9,10
35.42,141.17,4.5,33
40.64,23.04,0.5,10
39.91,23.79,0.7,10
39.72,29.25,0.9,10
37.9,-4.23,2.6,10
51.51,-173.85,4.9,33
51.36,-176.65,6.4,27
45.63,142.01,4.1,264
56.33,-152.91,6.4,16
-16.99,-65.49,5.3,18
30.76,-116.29,3.2,6
6.29,124.21,4.5,536
-4.95,138.97,3.2,33
-37.49,176.75,0.3,144
-12.23,40.49,4.2,10
38.43,25.05,3.2,10
39.87,28.91,0.9,10
39.05,28.67,0.6,10
40.26,-124.07,2.9,5
-17.88,-178.7,4.5,600
50.26,19.17,4.1,10
-18.8,-172.94,4.6,33
39.27,27.68,0.7,10
41.59,23.76,0.3,10
30.6,50.1,4.4,33
-5.34,29.54,5.4,20
40.89,28.36,0.3,10
-31.84,-72.9,1,33
-15.64,-172.48,4.3,33
40.35,27.68,1.1,10
60.95,-152.68,0.2,141
46.31,13.16,2.7,10
-6.35,122.82,4.6,33
44.11,10.11,3.5,20
34.03,-116.65,3.3,11
41.98,19.13,3.1,9
4.28,-32.62,5.4,10
38.75,21.35,0.8,10
47.99,26.72,1.1,10
32.46,30.51,4,21
14.58,-93.97,4.7,33
40.57,30.04,0.3,10
-12.91,34.33,3.3,10
32.96,-117.8,3,10
12.78,57.85,4.5,10
39.16,28.76,0.5,10
44.23,10.15,0.6,10
59.23,7.23,2.6,10
44.53,7.29,3.1,10
-10.3,123.61,5,33
53.51,-167.24,4.8,33
13.7,120.78,4.9,116
51.5,-175.16,4,33
53.5,-167.25,4.4,33
-15.07,168.46,4.7,109
35.7,141.15,4,33
39.25,27.74,1,10
36.87,-121.29,2.8,5
37.6,-118.42,3.2,6
62.89,-149.62,0.4,81
37.6,-118.49,4.7,6
-23.99,-68.29,0.9,33
37.58,-118.42,3.2,6
39.59,23.46,3,10
36.25,27.6,0.8,33
40.71,29.83,0.4,10
59.43,6.6,2.4,10
-32.79,-68.74,0.2,33
37.48,-118.32,4.2,10
37.36,-121.72,2.7,5
46.47,2.97,3,10
34.14,-117.46,3.1,6
-2.49,139.17,4.6,33
34.01,-116.65,3.1,6
60,-152.82,1,92
46.22,8.55,0.6,10
39.4,28.31,0.8,10
45.42,137.07,5.3,310
35.82,139.89,4.3,129
28.3,52,3.5,33
39.13,29.61,0.3,10
32.9,-117.85,3.4,10
-52.51,18.61,5.4,10
42.36,20.01,2.4,10
33.97,-116.57,3.3,7
-9.51,121,0.2,193
43.18,25.86,1.1,10
39.99,23.41,0.4,10
51.17,-176.2,4.8,33
44.51,10.69,3.5,10
51.39,-174.24,4.8,33
51.55,-174.15,4.5,33
51.16,-176.8,5.7,33
51.6,159.43,4.9,33
51.22,-176.21,1,33
37.45,-118.29,3.5,5
39.02,27.83,0.6,10
-1.69,67.73,4.7,10
32.6,-117.25,3.6,6
-23.59,-69.54,0.4,118
-32.71,-71.29,0.5,33
40.17,28.85,0.9,10
14.96,147.17,1,33
2.01,127.19,5.5,123
38.9,27.44,0.4,10
8.88,-85.43,4.7,33
39.25,27.7,0.5,10
38.86,-107.04,2.1,5
-31.05,-67.72,1,33
37.87,28.8,1,10
40.27,51.67,4.5,33
37.64,26.43,0.6,10
39.94,77.6,4.8,33
1.95,126.57,5.1,33
36.95,137.84,4.3,224
2.22,126.96,5.5,33
44.54,149.4,4.7,33
42.5,24.09,0.7,10
60.3,5.35,1.6,10
59.97,4.99,1.7,10
39.65,77.63,4.8,33
-6.3,128.06,0.4,33
-34.82,178.99,5.2,33
66.12,-155.75,4,33
14.78,147.27,4.1,33
40.59,23.92,1,10
40.81,49.66,4.5,33
36.37,138.38,4.8,25
36.58,1.16,3.3,5
-6.21,152.79,4.6,48
60.63,4.85,1.7,10
-34.5,-70.61,0.4,118
42.1,-111.65,2.4,1
-22.62,170.57,4.8,33
45.11,3.06,1.8,10
41.65,19.27,3.4,7
37.24,-116.35,3.5,5
43.57,146.78,4.5,66
60,-152.29,0.2,71
1.52,127.38,4.8,139
36.41,71.33,5,84
51.69,16.23,4.2,10
-18.76,-177.89,4.5,562
45.59,26.26,3.5,122
33.97,-116.57,3.5,6
2.91,96.13,5,36
-32.31,-69.91,4.4,116
-34.03,-71.95,4.2,33
-18.56,-177.76,5,573
-5.76,146.42,4.5,128
59.89,-140.65,0.5,4
19.24,146.35,5.1,74
37.75,101.64,5.3,18
37.76,101.73,5.3,19
13.18,-91.85,4.1,33
46.59,9.46,0.7,10
-22.78,-179.69,5.1,584
47.3,-70.32,4.2,22
13.03,93.35,4.9,76
-25.6,70.13,5.2,10
-16.62,167.26,5.7,19
36.01,141.41,4.4,56
39.05,27.82,0.5,10
44.89,9.18,2.9,10
46.78,1.68,2.4,10
38.85,27.36,0.8,10
49,-128.73,4.3,10
42.4,20.03,2.5,10
16.23,-61.71,2.4,10
-33.55,-71.39,0.9,33
-14.93,167.26,5.5,120
37.65,-118.41,3.3,5
16.62,-97.92,4.5,33
6.85,-73.18,4.8,156
44.34,10.19,4.7,28
-31.38,-67.84,0.8,33
33,-117.76,3.4,10
2.89,127.26,5.6,45
-32.68,-69.93,0.4,33
41.31,22.67,2,10
-32.6,-71.7,0.3,10
-5.37,151.51,5,113
-7.4,27.74,4,10
38.95,-107.09,1.8,5
15.45,-60.69,2.7,33
34.32,31.18,0.4,33
-32.79,-179.32,4.6,144
36.89,26.36,4.5,10
-31.8,-64.55,0.4,33
-23.59,-68.7,5.1,85
45.51,26.31,4.2,132
-42.13,-84.01,5.4,10
37.95,27.98,1.1,10
48.87,-128.18,0.4,10
-29.34,-69.32,0.8,33
19.96,-70.74,1,10
-33.87,119.07,0.4,10
36.07,70.85,5.4,116
-31.93,-72.04,0.4,33
73.79,7.94,4.5,10
19.91,121.28,4.8,33
38.35,25.18,3.2,10
-11.25,165.23,4.3,35
37.22,-116.46,5.6,0
-28.33,-70.15,0.9,210
39.63,20.23,4.2,12
39.57,34.59,0.9,10
39.32,27.97,0.6,13
37.85,27.45,0.3,10
59.62,-151.01,0.7,56
51.26,15.67,3.9,10
-27.73,-176.75,4.8,33
43.85,-128.61,4.6,10
-13.8,-73,0.3,33
13.33,-90.12,5.2,44
-22.3,-176.38,4.5,389
-11.04,165.43,5.2,33
-10.13,159.57,4.1,164
60.23,-152.92,0.4,108
14.92,-60.55,2.9,33
-27.72,-176.15,5.4,44
-21.49,-68.43,4,128
25.77,102.85,4.7,33
-0.19,122.68,5,149
41.93,19.6,2.5,10
-28.15,-176.73,4.6,33
47.17,154.1,5.4,33
-16.75,-177.67,3.4,423
8.46,-102.92,4.8,10
45.43,6.81,2.7,10
40.86,28.21,1,10
33.52,103.47,3.2,33
46.48,6.97,2.4,10
37.8,-25.34,0.8,10
16.88,-61.4,2.5,10
40.97,23.39,0.6,10
-41.27,-85.57,4.8,10
-17.5,-178.69,4.8,556
41.77,23.25,0.7,10
60.06,-152.42,0.4,89
39.26,25.46,0.2,23
38.69,48.62,4.5,86
36.99,-101.56,2.4,5
62.66,-149.76,0.4,118
-28.59,-176.41,6.8,33
-20.7,-68.96,1.1,33
40.04,23.81,0.2,10
38.44,25.22,4.6,22
-14.34,167.68,5.3,33
-27.95,-67,4.2,192
33.96,-116.73,3.2,10
-7.48,156.04,4.9,54
36.08,70.38,4.8,95
39.43,25.73,1,10
9.73,126.36,5,51
-7.47,128.46,4.9,166
40.67,29.95,0.3,10
27.33,129.23,5,28
11.58,142.34,4.8,33
41.97,19.54,2.4,10
42.96,6.16,2.4,10
41.85,19.58,3,10
50.21,19.15,3,10
42.01,19.53,3.2,10
39.48,28.34,0.8,8
29.97,131.06,5.1,33
38.91,27.76,0.4,10
60.73,5.55,1.7,10
35.11,23.91,4.4,39
35.08,23.92,4,35
-8.43,129.76,3.8,191
34.64,139.33,1,10
34.63,139.21,4.5,10
39.93,24.86,0.2,10
-7.03,125.2,4.7,527
61.49,4.09,2.3,10
-32.63,-71.68,0.7,32
-33.44,-179.47,4.4,33
2.48,127.58,4.8,62
-25.46,129.81,0.6,10
43.6,12.5,3.5,16
-22.93,-179.57,4.4,555
-6.66,130.33,5,125
44.85,11.42,4.5,33
-5.79,152.59,1,29
15.37,-60.68,0.6,33
-4.22,134.9,3.9,33
61.81,-79.4,3.6,10
-58.91,-61.49,5,10
-26.39,-177.83,5.4,48
61.89,-150.12,0.9,56
37.52,-25.13,4.3,10
27.53,54.36,4.7,33
-17.36,-179.34,4.8,552
43.19,26.14,0.9,10
12.22,124.37,3.8,127
59.21,-153.57,0.3,98
38.1,27.13,0.7,10
-32.9,-71.36,0.7,33
17.02,-62.2,3.1,10
16.88,-60.19,3,10
-28.15,-176.56,4.7,33
-24.26,-67.21,0.9,204
34.57,-97.2,1.6,5
9.74,125.75,4.6,150
40.6,27.82,0.6,12
35.65,-3.93,3.3,10
37.57,-118.43,3,5
-28.43,-175.58,4.8,33
-24.38,179.79,4.9,514
38.82,-122.79,3.1,4
39.37,29,1.1,10
25.35,100.07,4.7,33
13.86,144.5,5.5,116
6.69,-72.94,4.5,179
38.04,27.01,0.3,11
51.25,-175.85,4.6,33
10.95,123.99,4.3,33
-15.94,-176.78,4.8,402
35.37,-3.69,3.7,10
-33.86,-71.64,0.8,33
-57.58,-26.58,5.2,140
-28.69,-177.45,4.6,113
-22.53,-66.93,4.3,197
1.73,126.56,4.1,90
53.39,-170.04,4.2,33
-32.61,-71.74,0.8,10
39.38,25.44,3.6,10
-19.47,-176.54,6.8,33
-20.39,168.88,5.4,33
24.01,122.36,4,33
-5.06,-11.51,4.9,10
5.71,-78.73,5.3,10
36.37,-121.86,3,6
38.34,-122.64,2.7,2
16.87,147.34,4.5,33
-17.94,-178.46,4.9,597
19.99,121.06,4.2,51
-3.4,135.45,4.1,33
37.45,-118.38,3.5,7
37.48,-118.4,3,5
12.36,41.3,4.3,10
-20.82,-68.52,4.9,106
-3.05,141.2,3.9,69
-5.19,153.56,4.2,69
56.32,-152.03,4.6,33
8.59,-83.02,4.3,63
14.71,54.54,4.5,10
-32.42,-72.29,0.9,33
-32.24,-72.42,0.6,30
40.39,-122.05,3.1,11
-17.85,168.43,4.3,151
24.61,122.42,4.1,75
-6.34,154.95,5.5,75
-60.08,-26.64,5.1,34
33.91,141.31,4.3,33
13.92,120.92,4.6,216
-23.78,-67.14,1.1,203
-16.3,173.48,4.8,33
37.78,14.76,4.3,33
-37.27,-73.94,4.6,33
37.18,-116.05,2.2,0
-18.07,-71.08,1,67
60.45,5.3,1.8,10
-5.36,129.97,4.2,234
36.99,141.69,6.5,47
24.1,121.85,4.1,33
-29.85,-71.42,4.7,74
51.56,-178.66,4.3,101
1.6,126.59,5.9,16
-6.07,147.57,4.7,33
-4.87,147.63,4.1,33
-6.04,147.68,4.7,33
60.16,-152.81,0.4,107
-6.24,147.79,4.9,36
17.19,-61.09,3.1,33
-6.59,147.74,4.2,33
44.27,10.26,4.3,31
24.25,70.25,3.8,10
0.67,126.17,6.5,32
60.01,-153.12,0.8,116
14.52,-60.28,3.2,33
-20.84,-178.9,4.3,595
36.51,70.28,4.1,200
22.75,120.62,4.8,33
39.31,27.9,0.4,10
60.38,5.34,1.7,10
0.89,126.23,4.8,33
60.15,-152.97,1,110
38.58,25.5,3.8,10
-17.23,24.95,4.9,10
-33.39,-178.61,4.8,10
43.65,-4.73,3.3,10
40.79,30.23,0.9,10
-32.56,-177.9,5.2,10
-17.82,-178.73,4.6,622
-28.75,-68.96,0.6,129
42.52,142.14,4.7,33
-31.61,-177.82,4.9,33
39.28,27.61,0.3,10
-65.91,-174.96,4.8,10
-6.22,147.23,3.9,108
60.09,-152.91,0.8,114
15.39,-60.71,3.1,29
-2.48,141.88,5.4,30
60.45,59.05,4.5,10
15.1,118.76,4.5,33
42.36,19.84,2.4,10
-5.43,148.18,4.7,48
37.94,141.12,4.8,91
-37.93,176.92,5.1,29
52.71,-174.61,5,162
41.29,79.3,5.1,33
43.2,-0.64,3.9,10
53.17,-167.12,4.3,10
-5.27,152.69,3.9,33
48.35,7.66,2.3,10
6.74,-73.04,4.9,171
49.16,9.38,3,10
43.01,-1.96,2.8,10
53.64,-166.93,4.3,10
32.83,46.26,4.4,54
40.62,22.48,1.8,10
42.6,1.28,2.7,10
-6.44,148,3.7,66
8.33,-83.1,4.8,27
59.86,-152.52,0.3,70
61.42,-149.9,0.8,57
-32.86,-179.16,4.8,33
53.13,-167.12,4.3,10
44.13,6.92,2.1,10
59.98,-153.47,0.5,132
-5.31,151.49,5.7,62
-6.44,147.65,5.8,24
61.59,-150.67,3.8,58
19.2,-155.47,3.5,11
48.28,-121.72,2.9,5
-6.66,147.68,4.9,23
-18.62,-178.31,4.5,475
38.9,25.02,3.5,12
41.45,22.36,2.5,10
68.34,-17.8,4.5,10
7.41,123.71,4.5,607
37.76,-25.46,0.3,10
-5.95,151.85,4.1,33
40.63,29.86,0.8,10
51.92,-173.57,4,33
2.71,128.52,5,226
36.61,28.39,0.7,10
60.84,5.29,2.3,10
-32.91,-64.18,4.5,29
38.97,26.4,0.7,10
60.17,-152.5,1,84
-19.11,-174.04,4.8,33
-21.39,-174.46,5.4,81
-5.42,133.93,5.1,56
-34.46,178.71,4.4,226
35.57,-84.23,4.3,18
6.34,-73.01,1,162
37.04,-13.93,3.9,33
34.9,23.22,4.4,33
-42.83,-82.14,5,10
-20.19,-69.3,0.4,132
36.44,70.86,5,190
11.74,-87.26,5,41
39.74,23.98,3,10
50.17,6.81,0.3,10
60.15,-152.98,0.8,112
-4.17,129.57,5.1,33
38.92,15.71,4.4,223
40.71,29.63,0.9,10
51.77,-173.6,4,33
-7.55,146.99,5.3,13
-24.57,-69.2,4.6,66
36.85,-121.43,2.7,3
46.14,2.85,2.2,10
61.72,-151.74,0.5,93
19,146.92,5,33
59.78,-152.26,1,63
43.06,-1.37,2.9,10
13.91,-89.68,4.6,132
60.27,-152.06,0.9,66
46.11,7.97,2.9,11
50.54,-172.51,5,33
34.21,-116.19,3.3,5
-23.33,-115.11,4.9,10
41.73,19.52,2.8,10
37.27,141.24,4.6,56
34.6,25.7,4.1,39
3.14,128.46,4.5,241
31.28,35.48,4.2,10
16.91,-62.04,3.1,10
-38.72,47.39,5.1,10
2.05,99.09,5.6,19
57.89,-32.85,4.3,10
-19.01,-177.74,6.5,384
-57.87,157.8,5,33
52.54,-0.86,3.4,10
46.98,8.66,0.5,10
-28.91,-72.19,4.6,10
5.16,122.96,4.3,602
6.08,125.94,5,144
-28.53,-67.31,4.6,110
60.66,5.03,2,10
-24.25,-66.97,4.2,127
-30.61,121.36,0.7,10
-20.83,-178.58,5.4,569
42.17,9.9,3.3,11
16.69,-94.47,4.6,105
39.04,28.43,0.5,10
37.16,141.92,4.2,33
41.35,26.55,0.7,10
-21.9,-139.1,4.9,0
-32.09,-72.01,4.3,12
34.86,139.23,0.6,21
34.7,139.08,0.7,33
50.75,20.43,2.7,10
-8.3,119.59,4.7,180
7.22,126.8,4.8,79
-32.72,-71.28,0.9,57
3.02,97.12,5.1,73
-5.7,147.42,4.3,180
47.76,-1.36,3.4,10
56.56,-152.77,5.1,33
56.6,-152.76,4.8,33
56.32,-152.84,4.5,33
16.01,-60.85,2.8,31
37.6,71.29,4.1,33
16.09,-62.08,3.2,33
-21.35,-70.33,0.5,71
56.43,-152.72,5,33
40.17,29.34,0.4,10
59.12,-152.66,1,69
35.08,135.45,4.9,10
44.62,7,2.9,10
19.19,-64.22,4.2,33
39.43,28.27,0.4,10
-24.08,-66.6,4.4,203
11.98,-62.03,5,142
38.41,76.46,4.4,33
24.95,122.37,4.7,161
15.85,-60.69,2.7,33
40.1,29.34,0.3,10
19.95,94.62,0.3,33
59.99,-153.37,0.4,137
10.71,126.29,4.9,49
13.4,-89.53,4.1,67
44.12,7.16,2.9,10
43.25,13.98,0.4,10
36.38,26.54,4.2,144
-36.52,-72.42,0.7,33
23.86,121.85,1.1,33
10.46,126.07,4.5,55
46.44,2.47,2.7,10
35.58,27.11,3.8,65
10.4,126.16,4.8,33
-5.4,146.12,4,81
49.4,157.71,4.7,45
3.91,125.95,5.6,136
-15.73,167.31,4.7,105
35.57,140.15,4.6,73
62.26,-149.35,0.6,57
-10.71,162.33,6,73
17.69,144.83,4.9,33
40.39,29.43,0.5,10
61.78,4.81,2.4,10
17.91,145.02,4.3,33
17.47,146.85,4.8,33
44.51,7.24,2.4,10
42.74,19.16,2.1,10
-2.21,138.3,4.6,33
-2,138.25,3.4,33
15.46,-60.75,2.8,33
-32.06,-70.21,4.8,121
37.68,101.6,4.9,26
34.78,31.84,3.4,33
6.98,-76.02,0.8,33
-8.79,118.59,3.6,97
33.86,-116.19,3.1,5
-8.33,123.5,4.5,215
41.8,-126.26,4.3,10
-26.06,27.96,3.9,5
62.6,-149.83,0.4,74
-15.66,-174.92,4.7,233
41.44,23.28,2.5,10
53.83,-167.13,4.7,33
-17.84,-178.64,5,572
61.29,-150.46,0.8,53
60.79,-151.71,0.5,76
16.99,121.28,4.8,13
49.61,16.86,3.5,5
40.17,29.44,0.2,10
36.32,-118.37,3.3,6
-11.72,166.45,4.9,33
44.67,150.32,5,44
-26.89,-176.53,4.9,42
-11.68,-76.55,1.1,33
-22.25,-69.85,5.1,52
44.74,11.29,4.1,20
36.1,-83.82,3.3,24
82.23,-17.56,5.5,10
-2.29,137.31,4.4,33
43.79,12.26,2.9,10
39.15,43.57,4.4,10
45.56,-111.72,2.5,2
58.91,-152.71,0.4,69
43.6,12.18,2.8,10
-21.86,-174.48,5.1,33
-2.98,-80.64,4.7,33
63.58,-148.97,0.8,85
31.14,78.05,4.7,54
45.53,27.61,4.1,40
-24.32,-67.12,1.1,253
-42.09,88.37,4.7,10
45.55,-111.67,3.1,5
-9.47,110.23,4.2,33
45.56,-111.69,3.1,4
39.68,23.78,0.5,10
45.56,-111.69,3.1,3
52.17,-170.57,4.5,33
35.63,141.24,4.4,33
35.64,-5.76,3.5,86
38.91,27.64,0.5,10
25.6,122.89,4.2,270
-2.89,102.03,4.7,125
41.75,-16.49,4.3,10
37.27,20.05,4.1,39
16.34,-61.18,2.4,33
40.88,28.46,0.6,10
62.32,-151.04,0.8,75
21.19,144.17,4.5,33
40.38,-124.1,3,15
40.4,-124.59,3.7,17
39.08,21.73,3.3,10
38.14,22.15,3.2,10
38.06,20.05,3.4,33
21.39,144.07,4.8,33
14.73,146.66,5,63
-6.49,130.07,4.8,195
-6.1,147.62,4.4,107
41.02,-121.97,2.5,5
-30.51,-72.53,0.4,33
-15.28,167.54,5,135
-6.24,148.73,3.6,33
36.24,-120.29,2.8,6
61.75,-149.95,1,57
60.31,-153.08,0.9,125
-7.71,127.56,5.1,157
-43.48,-82.33,5,10
-58.69,158.22,5.4,33
62.7,-149.66,0.6,83
45.6,14.4,2.9,10
29.87,63.84,5.6,164
-61.26,-55.42,5,33
-18.07,-178.48,5.4,601
-9.1,157.83,4.7,42
45.56,-111.69,2.8,4
38.19,23.25,4,30
51.24,-178.98,5,33
47.59,7.64,2.9,10
37.9,15.06,4.8,41
39.92,28.93,0.3,11
53.42,-169.11,5.7,117
43.75,20.48,3.2,10
15.43,-61.51,0.4,163
38.27,38.72,0.4,10
36.38,28.16,1.1,31
59.76,4.95,1.9,10
44.09,-114.54,3.3,5
22.6,-107.56,4.6,10
55.79,164.45,4.6,33
44.1,12.01,4,20
-22.08,179.24,4.7,656
23.89,-108.74,5.3,10
43.81,85.29,4.4,57
40.17,27.32,0.2,10
13.15,-86.62,4.4,33
-2.47,128.24,4,85
46.47,153.73,5,33
16.72,-61.97,4.5,115
41,1.63,4.4,10
62.49,-151.46,0.5,95
12.64,-87.6,4.5,33
18.86,144.57,0.8,33
13.64,-91.53,4.9,57
-2.57,128.63,4.2,33
-4.99,136.97,3.1,33
1.93,127.34,5.2,126
-28.23,-67.79,0.5,33
38.21,-119.41,3.5,5
-16.47,-178.28,4.1,476
-21.3,-68.03,0.5,33
-6.02,129.97,4.8,187
37.8,26.83,3.7,10
-15,-75.67,5.1,28
32.99,-117.81,2.9,6
41.45,142.01,4.9,74
34.85,-113.73,3,5
-10.61,113.16,4.1,33
-33.07,-72.07,0.3,10
74.11,9.64,4.6,10
30.29,94.86,4.8,33
40.24,23.93,0.5,10
-17.67,-179.03,4.7,640
53.44,160.49,4.8,33
32.12,35.74,0.6,10
29.82,90.45,4.4,33
60.64,-151.84,1,74
21.82,94.16,4.3,105
10.46,-86.71,4.2,33
-18.35,168.11,4.3,33
60.54,-151.66,0.2,68
29.82,90.43,4.5,33
41.74,23.69,0.9,11
59.63,5.78,2.4,10
16.24,-95.87,5.1,37
-20.75,34.84,3.6,10
45.57,-111.7,2.6,3
21.27,93.83,4.8,53
11.8,-86.47,4.4,176
40.35,25.96,0.3,10
-6.52,103.69,4.8,33
40.51,29.24,0.8,10
13.37,-90.74,4.6,33
43.44,19.84,2.5,10
-28.9,-67.51,0.8,154
2.16,129.65,4.4,33
-5.72,154.59,4,415
40.85,30.07,0.9,10
66.02,-147.52,4.4,33
40.5,22.92,1.8,10
10.02,-86.1,4.1,10
43.25,13.89,4.6,10
-24.04,-175.43,4.8,33
-30.96,-70.72,0.6,189
40.71,29.73,0.9,10
40.64,29.79,0.4,10
39.17,27.86,1,10
-33.31,-71.37,0.5,33
-15.3,-173.52,4.9,33
9.07,126.71,4.7,33
37.4,57.22,4.6,34
50.92,-129.99,4.7,10
10.79,-61.13,4.1,10
34.06,-118.08,6.1,10
34.51,26.2,4.1,51
-22.48,-63.89,0.3,550
46.77,7.13,3.1,10
27.07,102.17,4.3,33
-5.27,154.34,4.4,134
43.24,147.78,4.9,37
43.42,20.68,3,10
-61.7,161.16,5.2,10
-30.65,-71.56,0.5,33
61.78,7.38,2.5,10
53.18,159.57,4.6,33
40.29,29.29,0.8,10
40.46,29.29,0.3,10
54.96,-161.45,5,46
40.45,29.12,1,10
45.63,26.63,0.3,157
36.25,28.29,4.4,33
-22.95,-66.68,4.8,210
40.74,29.06,0.6,13
50.74,6.67,1,10
37.25,-121.67,2.7,3
33.96,-117.21,3.6,14
-7.42,148.43,5.4,39
3.35,128.54,4.3,33
-6.3,149.63,4.4,33
-6.36,149.32,5.1,51
-6.64,149.21,4.8,50
-7.05,148.91,4.5,33
-6.35,149.5,4.1,33
37.54,-121.68,2.9,6
39.43,22.33,1.7,33
39.66,-111.43,3.9,0
4.83,122.76,4.8,515
0.92,-87.07,5.3,10
31.62,35.35,0.6,10
-23.01,-114.42,5.4,10
40.17,27.2,1.1,10
-3.15,138.52,4.3,33
38.91,29.72,0.6,12
-21.05,-69.87,5.3,74
34.65,26.29,4.4,38
42.36,43.31,4.4,33
-24,-66.87,4.4,235
-4.54,151.39,4,10
-18.81,167.51,4.8,33
36.15,-6.59,4.1,94
5.11,37.21,4.7,10
40.4,28.37,0.9,10
39.65,15.48,4.5,263
37.8,71.81,4.4,33
39.02,21.54,3.5,10
39.54,29.39,0.8,10
-4.57,131.76,4.2,33
36.56,71,4.2,177
-9.37,125.96,0.4,33
29.04,130.63,4.6,33
61.56,-149.36,4.9,41
39.41,28.25,0.3,5
-56.02,-27.47,5.1,135
42.15,142.51,4.4,47
-21.81,-138.96,5.7,0
-21.19,-179.19,5,626
43.14,-0.78,3.9,10
40.7,23.44,2.5,10
50.39,18.93,3.2,10
-22.83,-63.64,5.2,534
40.88,29.7,0.8,10
13.44,143.72,5,172
-26.29,27.17,3.5,5
50.38,18.83,3.4,10
60.96,-147.37,3.7,13
34.74,32.88,4.5,26
-59.62,-26.07,4.7,33
-29.53,-71.69,1.1,33
38.84,-122.79,3,1
40.38,27.08,0.9,10
58.96,-135.24,5.3,5
47.73,5.49,3.9,26
26.57,93.44,4.1,33
39.8,28.74,0.7,10
58.66,-143.44,3.3,10
58.65,-143.19,3.5,10
46.72,5.62,3.9,10
16.67,-61.6,1.9,10
-10.4,161.3,4.8,74
58.42,-144.06,3,10
-5.24,131.96,4.4,33
37.67,21.17,3.9,58
1.95,120.78,5,34
39.68,20.64,3.2,10
33.07,-115.78,4.3,4
32.61,-115.57,3.3,16
16.51,-61.35,2.9,33
56.46,-153.29,4.7,33
8.13,122.36,4.7,33
33.02,-115.83,3.4,6
36.14,29.05,4.4,33
-16.35,168.12,6.3,18
15.26,-94.12,4.7,33
27.88,139.71,4.6,473
36.85,-83.09,0.5,13
36.85,-83.1,3.5,14
39.62,29.38,0.4,10
-6.7,147.82,4.5,66
24.96,122.02,4.4,33
40.4,-124.39,3,23
58.87,-142.9,4.9,10
57.91,-142.7,3.8,10
59.4,-144.86,0.9,19
58.55,-142.81,3.6,10
39.66,29.49,0.4,10
58.17,-142.64,4.1,10
37.03,-121.45,3.7,7
57.69,-142.93,0.8,10
31.82,-115.97,3,6
37.73,26.89,0.7,10
15.52,80.25,4.6,33
33.01,-115.87,3.1,2
60.46,-151.7,0.4,67
38.38,14.67,1.1,10
38.36,31.23,0.9,10
44.13,20.73,0.8,10
40.37,-124.37,3.1,22
34.66,-97.39,2.6,5
-8.41,124.09,4.7,159
31.88,-115.74,3.1,6
62.08,-150.89,0.3,62
-9.73,118.99,4,33
33,-115.86,3.4,2
63.22,-149.33,0.6,56
-56.04,-26.64,4.8,33
37.87,25.32,3.3,10
38.95,74.78,4.6,60
30.38,138.12,5.2,459
59.04,-142.73,4.5,10
58.59,-142.61,4.2,10
-7.45,128.58,3.9,179
-11.6,117.9,3.8,33
28.24,56.68,4.6,33
-21.19,-179.93,4.7,645
37.42,139.76,4.5,22
24.4,122.22,3.1,33
-20.57,-177.98,4.7,451
15.15,-60.83,2.3,33
-20.21,-174.1,4.5,33
44.52,141.24,4.3,258
58.88,-152.23,0.3,57
15.05,-60.41,2.6,33
-19.83,-175.68,5.7,196
58.15,-143.31,4.8,10
-18.01,-178.6,4.6,624
42.45,19.6,2.2,10
-10.14,116.56,4.2,33
38.24,-0.84,2.8,10
-6.05,149.94,3.9,33
53.92,-35.44,4.8,10
36.94,35.95,4.3,47
34.18,-116.42,3.9,2
30.12,94.81,4.6,33
1.38,99.04,4.1,128
20.35,96,5.2,25
-20.48,169.76,5.6,136
-16.48,-173.3,5,33
34.17,-116.4,3.9,5
-5.6,147.12,3.6,88
4.68,-76.37,0.8,128
-11.7,-73.5,0.9,33
65.86,-155.13,3.6,33
61.49,-149.92,0.6,48
3.49,-74.82,0.2,33
51.38,-174.64,5.1,33
40.5,-126.1,3.6,16
39.94,29.11,0.7,10
-25.87,-178.79,5,367
-5.2,153.69,4.9,65
35.25,140.34,5.1,48
-6.54,150.25,4.1,74
63.59,-145.49,3.2,33
47.01,8.35,2.5,10
23.68,122.94,0.8,33
35.88,22.22,3.6,10
-6.8,149.21,4.2,33
26.37,141.29,5.1,89
35.46,140.43,1,33
51.42,-174.25,5,33
5.41,93.34,4.4,33
65.33,-148.43,3.4,33
7.37,-81.71,4.2,30
40.42,-125.12,4.2,5
-12.11,65.74,4.9,10
47.42,6.11,3.1,10
-0.63,127.71,4.9,29
38.74,141.16,4.7,30
58.89,-154.48,0.5,120
-3.53,149.63,5.2,45
16.03,-61.16,0.5,122
32.53,46.94,4.7,35
44.81,-114.54,3,5
-25.23,-175.44,4.8,33
14.23,-93.13,5,29
22.81,102.88,4.4,33
45.09,-112.79,3.1,5
46.44,13.12,2,10
44.78,-114.39,3,5
62.12,4.51,2.1,10
-37.91,177.43,4.6,85
42.15,19.17,2.6,10
-24.92,-70.65,0.8,122
34.61,-4.21,0.5,10
-17.67,-174.36,4.7,133
40.67,23.12,2.1,10
47.3,7.2,2.2,10
49.8,78.06,4.8,33
36.09,-120.05,2.5,11
-22.03,-179.51,4.8,600
-25.02,-71.13,4.8,10
60.41,-152.92,4.2,126
-11.07,165.07,4.1,33
0.38,98.49,3.1,33
35.53,140.64,5.2,58
-19.43,169.37,0.7,103
45.9,15.4,2.7,10
23.98,122.54,4.9,39
37.53,30.07,0.8,28
26.98,57.01,4.3,33
59.75,-152.88,0.8,91
10.17,126.1,4.7,33
-31.18,-68.73,0.3,120
-4.94,152.38,4.8,59
59.91,-153.44,0.8,134
42.07,1.34,3.2,10
-17.08,-70.12,5.4,169
52.49,-170.55,4.4,33
51.15,6.32,3.3,10
32.11,35.74,1,10
51.5,6.62,0.9,10
-22.31,-68.02,1,228
35.33,-36.33,4.8,10
36.85,28.94,0.3,10
58.23,-142.4,0.5,10
60.01,4.97,2.3,0
-15.45,167.59,3.8,159
-0.29,-91.47,5.1,10
-8.11,120.24,3.7,33
17.25,-61.28,2.5,10
41.19,-113.15,2.8,7
63.11,-151.05,2.7,33
38.48,26.78,3.5,27
-5.72,130.51,4.4,33
63.49,-151.36,3.5,33
-11.68,-74.07,5.1,43
42.28,19.9,2.8,10
41.76,23.73,2.9,10
38.87,21.19,4.5,47
3.18,96.43,3.6,65
-34.42,-70.28,4.4,11
57.09,-143.47,4,10
-10.17,161.05,5.2,101
50.69,7.28,0.9,10
62.42,-149.39,0.4,50
33.83,26.1,4,10
15.3,-61.45,3.5,163
57.28,-142.89,1.1,10
-11.96,26.62,4.1,10
10.39,-60.36,4.5,33
7.02,123.68,4.9,33
-16.51,-15.1,4.6,10
36.65,31.38,1.1,122
58.12,-143.26,1,10
-7.95,131.86,4.6,33
-19.31,-70.13,4.9,77
42.09,19.21,4.3,10
59.96,-153.65,1,153
-32.79,-70.28,0.4,110
66.51,-149.73,1,10
43.13,19.1,2.5,10
50.34,7.37,0.3,10
57.22,-143.28,3.7,10
-27.62,-176.05,5.4,33
4.57,-73.9,3.9,33
-26.89,-176.51,4.7,161
23.42,143.25,4.8,49
42.75,13.38,0.9,10
42.48,16.64,4.1,33
-24.27,-67.2,0.9,200
5.6,-0.11,3.5,10
10.63,-60.91,1,33
-7.23,129.44,0.6,198
56.44,3.43,3.4,10
39.5,-122.7,2.8,5
-4.84,144.15,4.8,104
41.99,24.52,1,10
-32.95,-70.69,0.4,33
-3.29,-12.23,4.7,10
-33.52,-72.06,0.6,10
36.88,29.08,0.5,10
38.54,14.81,3.3,18
40.19,23.57,0.7,9
39.13,28.69,0.2,10
-7.3,128.56,5.3,145
-22.79,-66.51,0.5,332
39.15,27.63,0.9,10
60.72,5.55,1.8,0
39.52,29.45,0.3,10
-8.82,117.5,5.8,106
39.41,-123.26,3.4,9
57.1,-143.1,0.4,10
44.5,6.97,1.9,10
-10.05,161.33,4.8,91
39.5,26.19,0.3,10
-17.7,-178.87,5,539
44.08,9.99,1,10
10.69,-62.86,5.5,97
-3.26,130.09,0.4,33
32.98,-117.79,3.2,6
-30.77,-69.03,0.9,10
37.76,-5.8,1.1,5
10.95,-87.03,4.8,33
59.81,-153.1,0.9,94
-0.95,123.55,4.5,79
34.22,25.1,4.6,39
9.49,-84.19,3.6,26
42.14,25.13,0.6,10
-17.74,-178.08,4.9,588
-9.32,150.83,3.7,23
34.38,139.1,4,14
-29.29,-71.87,0.8,33
11.74,-86.26,4.4,96
37.34,-121.75,3.2,5
4.86,127.05,0.4,67
-5.55,133.45,0.3,33
44.75,6.83,2.5,10
47.28,-27.37,4.6,10
-12.16,117.99,3.9,33
35.42,22.75,3.7,10
-31.14,-69.61,0.5,33
36.89,29.18,0.4,10
13.72,124.81,5.3,42
46.41,6.36,2.7,10
-33.79,-71.57,0.6,10
8.73,-83.26,3.8,33
62.65,-151.42,0.5,99
13.58,124.79,4.7,33
36.78,-9.01,0.8,33
40.83,30.41,0.6,10
35.38,27.97,3.8,87
37.35,106.65,3.6,33
-33.72,-70.83,1,33
-20.62,-68.54,0.6,126
-32.6,-71.95,0.6,10
39.9,29.25,0.8,10
39.49,26.55,0.8,10
-20.21,-172.77,4.9,33
40.51,26.62,1.1,10
36.39,-5.67,0.2,10
44.81,-110.5,3.3,5
-6.69,154.34,4.5,33
-18.2,168.17,5.3,35
40.7,139.57,4.9,33
41.38,29.36,0.7,10
43.43,13.01,0.2,10
-4.66,102.73,4.9,60
39.67,29.47,0.7,10
-33.52,-70.99,0.4,33
35.99,139.6,4.1,68
35.93,28.5,0.6,33
44.47,-114.08,3.5,5
-7.88,129.88,4.1,123
11.23,-86.2,4.7,110
45.2,23.09,0.6,20
-41.04,-91.21,5.2,10
18.17,-66.92,1.1,33
11.56,125.83,4.9,33
38.44,20.43,4.5,10
38.36,20.44,3.8,13
2.51,-82.93,5,10
8.12,-38.41,5.9,10
37.29,-92.77,3.3,5
-14.74,-72,0.7,33
-33.16,-71.84,0.9,10
14.57,-90.55,3.3,10
14.56,-90.56,3.1,10
43.61,7.78,2.8,10
14.56,-90.56,2.5,10
14.54,-90.56,3.3,10
60.93,-151.74,0.5,82
37.5,71.66,4.7,33
40.87,19.83,3.6,10
36.06,-114.96,2.5,5
-20.47,168.83,5,33
36.6,-121.25,2.5,6
42.39,16.75,3.1,10
-33.01,-72.12,1,10
49.12,6.9,2,10
38.51,20.29,3.3,10
37.22,22.23,3.5,10
58.35,-151.85,1,14
-12.26,166.81,5.1,53
39.75,-81.61,3.4,0
16.55,-60.83,2.5,33
42.35,20.03,2.3,10
36.43,140.69,4.9,64
40.28,25.93,0.5,10
-33,-72.26,1,10
59.93,-148.4,0.7,32
42.47,19.76,2.2,10
39.1,27.57,0.4,10
38.8,-122.83,3,2
38.36,27.26,1,10
38.31,20.45,4.1,10
23.89,125.48,4.2,33
-6.99,130.1,0.6,33
42.81,12.54,3,10
38.27,20.48,3.7,15
9.53,-85.25,4.2,33
52.8,87.6,4.5,33
-12.72,166.74,5.7,113
34.94,-118.75,3.4,6
-33.26,-72.1,1.1,10
40.34,25.88,0.2,10
-9.78,124.17,4.7,33
-5.93,131.04,4.6,136
50.17,18.81,3.2,10
36.53,-97.46,1.8,5
42.78,19.17,2.4,10
20,-156.45,4,5
33.91,-116.95,3,16
13.6,-91.24,5,51
37.78,15.04,3,10
-57.72,-25.27,5.2,33
54.11,-161.84,5,33
2.23,126.59,5.6,69
14.41,147.67,4.7,33
39.06,30.14,4.1,10
-19.83,134.01,4.7,10
-9.44,106.12,3.9,33
49.14,6.91,1,10
-29.37,-72.71,1.1,33
29.33,142.82,4.1,33
-8.84,122.42,4.3,262
37.54,13.96,3.4,35
6.8,-73.18,1,158
-42.82,-16.03,5.5,10
42.01,24.81,0.5,10
-16.23,-177.71,5.4,33
14.31,-92.11,4.4,57
-31.15,-69.17,0.4,10
-30.38,-69.23,0.6,10
33.61,34.78,3.2,10
-33.83,-70.91,0.8,33
36.75,-121.49,2.8,6
37.5,-118.38,3.3,8
-17.74,-178.84,5.6,547
-32.65,-179.09,4.9,33
-9.31,124.56,4,33
43.13,25.55,0.5,10
-3,147.8,4.9,33
36.7,44.03,4.7,67
-9.77,121.92,3.9,33
-18.09,-69.65,4.3,163
40.45,24,3.8,10
-21.51,-114.06,5.3,10
37.02,-121.45,3.6,8
43.93,7.67,1,10
38.78,23.45,4,15
16.89,-61.08,2.3,10
38.58,31.25,1.1,10
-27.28,-176.76,5.4,30
2.39,128.29,5,171
6.81,-73.09,4.9,155
-9.08,156.41,5.2,33
19.99,122.33,4.3,19
39.54,29.08,0.4,10
48.06,6.89,2.5,10
-31.19,-68.86,5,109
51.59,7.13,0.8,10
-14.66,167.35,4.8,181
-22.39,-178.21,4.6,364
-3.03,149.32,4.6,33
-6.48,152.9,5.2,34
-19.84,133.95,3.6,5
46.84,153.18,5,33
34.59,79.63,4.2,56
13.96,93.24,5.1,34
-42.65,-85.18,4.8,10
35.18,24.7,4.6,44
58.15,6.42,2.3,10
39.58,29.35,0.2,10
-7.02,130.7,1,148
-9.83,113.66,4.4,33
36.29,-120.39,2.6,8
61.76,7.44,2.4,10
5.45,-82.94,4.4,10
34.95,139.18,0.2,10
36.22,30.51,0.6,10
-18.03,-178.57,4.8,586
-7.19,134.04,4.6,33
34.92,139.12,0.6,10
34.91,139.14,0.3,10
34.85,139.28,4.9,10
34.92,139.16,0.3,10
34.87,139.12,3.9,10
18.67,-106.48,5.4,33
18.6,-106.46,4.9,33
2.91,97.61,4.9,84
34.95,139.17,0.5,10
34.93,139.16,0.2,10
34.99,139.22,1.1,10
13.81,52.1,4.7,10
-7.14,129.33,5.4,170
37.84,-116.12,3,5
55.38,-162.5,4.7,33
24.47,94.57,4.6,139
43.8,41.85,4,10
42.6,11.67,1.1,10
46.01,2.92,1.6,10
-10.4,160.81,4.6,33
10.86,-62.45,4.4,33
-10.36,160.42,4.9,30
29.97,51.58,5.6,32
30.28,52.12,4.4,33
51.76,179.15,5,33
36.51,71.37,4.4,33
39.94,23.98,3.2,10
39.13,-110.87,2.7,1
48.01,-1.88,2.8,10
42.99,144.84,4.9,85
37.56,-117.19,2.8,15
39.92,23.97,4.4,10
12.19,-88.04,4.8,33
59.91,-153.36,0.7,142
63.19,-151.11,3.1,33
44.66,140.95,4.2,277
60.88,-151.3,3.8,56
23.73,120.5,0.2,33
-27.12,-71.42,4.8,33
39.59,74.22,4.3,33
-60.89,-23.38,5.6,14
-6.65,152.95,5.2,27
40.64,29.93,0.8,10
44.28,7.34,2.8,10
26.75,86.62,0.9,33
-33.64,-178.56,5,38
26.75,86.62,0.5,33
-5.93,146.69,4.4,201
9.94,-71.1,0.7,10
34,-117.28,2.5,6
26.75,86.62,0.3,33
63.58,-150.33,3.1,33
43.1,17.65,3.9,10
2.63,128.04,5.1,95
43.7,17.44,5,10
7.41,-73.24,0.8,130
37.77,-25.45,0.4,10
-11.33,119.91,4.4,33
37.72,-77.78,2.7,14
-17.5,-174.69,4.7,177
-8.95,130.04,4.3,194
42.3,19.94,2.6,10
18.91,-65.21,0.7,10
32.53,48.59,4.4,33
-23.46,-179.96,5.1,526
42.76,19.06,2.5,10
29.97,97.31,5.1,33
-17.52,-179,4.1,516
-35.31,-71.32,1,105
40.82,28.31,0.7,10
37.77,-25.44,1.1,10
35.99,-112.28,3,5
41.7,15.58,0.5,10
24.76,122.11,4.4,10
17.84,-94.4,5,155
-14.93,-177.84,4.6,387
57.66,-143,0.8,10
5.44,-82.77,0.3,10
19.16,121.24,4.9,41
58.79,6.1,2.1,10
35.17,5.95,4,10
-8.19,126.91,4.6,209
39.39,16.72,0.9,10
-6.66,147.41,5,33
-19.96,133.63,0.8,5
49.83,78.81,6.1,0
-22.05,170.16,5,66
-23.42,-68,5.7,122
-18,168.57,4.6,32
44.14,3.59,2.1,10
36.51,71.37,4.5,33
60.07,5.05,2,10
-4.17,133,5.1,33
-17.51,128.13,1,10
38.46,-118.34,3,11
36.47,-2.99,2.8,10
34.44,-120.79,3.2,24
11.98,-60.38,4.3,19
41.58,14.62,0.9,10
-27.95,-66.54,4.6,160
28.34,53.07,3.9,85
14.01,144.52,4.9,143
-16.66,167.18,4.8,26
34.58,-116.58,3.2,2
38.95,26.53,3.9,10
44.59,-114.18,3.3,5
39.11,27.63,0.8,10
41.9,13.75,0.4,26
-23.66,-66.36,4.2,218
-6.45,149.21,4.8,60
27.2,-110.08,4.4,10
38.36,-26.52,0.6,10
38.03,-26.77,0.7,10
42.3,19.97,2.6,10
38.69,-87.93,3.6,5
-14.78,167.34,5.4,149
-1.87,129.06,4.1,33
39.1,27.59,0.3,10
-7.36,126.63,4.3,355
-34.02,-70.14,0.3,10
42.29,19.91,2.5,10
-2.2,136.68,5.2,33
41.88,69.47,4.2,33
-17.68,-178.55,5.3,534
60.69,5.67,2.2,0
4.73,127.34,4.6,33
3.98,126.18,4.4,33
17.91,-98.68,1.1,33
-10.57,116.93,3.9,33
-20.77,-70.2,0.4,33
60.67,5.66,2,0
46.14,2.75,2.3,10
38.79,-115.13,3.2,5
51.54,16.13,3.9,10
-24.02,-69.4,5.3,75
52.31,-174.01,4.7,90
36.1,27.53,3.9,33
-8.24,128.19,4.1,172
12.24,141.91,4.5,33
38.89,17.15,1,10
59.54,5.72,2.2,10
51.4,-2.44,3.1,10
44.22,-114.24,3.2,5
49.08,156.29,4.8,33
39.69,20.56,4.1,10
40.87,28.35,0.7,10
44.87,-128.89,3.5,10
40.87,22.83,1.9,10
17.42,-62.97,3.9,10
35.11,-35.2,5.2,10
62.95,-150.68,0.4,91
-34.01,-70.28,4,9
-0.35,122.19,5.7,15
37.51,-116.53,3.1,5
37.48,-25.27,1,10
37.62,-25.33,0.4,10
37.73,-25.36,0.5,10
36.22,140.1,0.2,69
37.9,20.98,3.8,14
38.01,20.97,3.8,10
39.45,23.86,3.1,20
9.61,126.28,5.1,68
28.33,139.63,4.8,494
59.97,-152.54,0.6,83
60.44,-151.48,0.5,57
34.04,-117.19,3.6,14
38.15,-1.17,3.2,5
41.34,23.29,1.6,10
34.04,-116.77,3,13
22.8,98.99,4.3,10
39.4,-0.35,2.7,5
58.96,5.95,2.4,10
23.59,99.51,4.4,10
39.1,27.62,0.8,10
26.92,129.29,4.9,22
-4.09,127.64,4.7,189
58.49,-143.56,0.5,10
60.74,5.54,2.3,10
-8.19,130.77,4.8,34
13.48,-90.73,4.5,64
-49.79,117,5.3,10
18.07,-76.6,5.4,16
-9.65,119.37,1,85
-3.68,153.3,4.5,184
40.69,143.41,4.1,33
6.82,126.78,4.7,229
-30.97,-67.19,4.7,33
-5.03,151.81,5,122
44.46,10.43,2.8,10
-27.48,-71.9,0.9,33
46.23,8.65,2.7,10
11.42,-87.81,4.1,4
-4.28,126.32,4.7,33
38.44,30.07,4.3,35
-5.41,152.1,4.9,80
42.62,12.86,0.3,10
35.16,31.93,0.5,10
29.69,51.33,4.7,33
-32.22,-71.49,0.5,33
60.7,5.64,2.5,0
37.88,-26.27,0.7,10
30.99,141.58,5.2,41
-8.23,116.02,5.1,33
15.32,-60.93,2.7,30
1.22,121.13,4.8,41
-31.57,-69.39,0.4,135
37.67,-25.35,1,10
-4.7,131.55,4,109
45.98,6.39,2.9,10
21.96,31.38,4,33
-8.38,115.97,4.6,33
38.14,-25.99,0.6,10
30.96,49.96,4.4,33
38.29,22.08,3.1,33
37.73,-25.43,0.5,10
51.39,-176.7,5.1,33
42.38,16.77,3.3,10
40.93,29.91,1,10
25.91,128.37,4.9,32
46.01,153.32,4.9,33
-56.42,-27.19,5.6,10
39.17,27.65,0.8,10
51.48,6.58,3,10
42.28,-2.27,3.2,10
-32.18,-68.83,1,10
40.46,27.84,0.6,10
36.37,141.76,4.3,33
61.4,-146.59,3.6,32
37.8,-25.46,0.5,10
60.48,5.39,1.9,0
42,-111.47,2.8,2
-3.85,152.76,4.2,56
-8.69,120.14,4,125
-17.66,-64.42,0.9,33
9.98,-60.16,4.8,30
19.89,122.19,4.9,39
36.11,-121.55,2.8,5
40.96,15.63,0.3,10
40.74,27.48,0.3,10
-6.99,147.66,4.9,56
39.6,23.23,3,10
40.77,27.41,0.8,10
24.95,123.16,4.2,142
-33.48,-72.06,0.4,10
44.83,7.35,2.8,10
16.97,-62.37,2.6,33
33.97,72.91,4.7,33
17.01,-62.25,2.3,10
59.38,-152.4,0.5,65
40.62,29.55,0.9,10
40.65,22.41,3.7,10
44.02,148.64,4.6,33
-13.74,170.53,4.4,613
51.38,15.74,4,10
6.8,-76.67,0.4,18
71.13,-7.63,5.8,10
15.62,120.96,4.3,184
-6.06,103.89,4.6,61
43.4,5.45,2.4,10
-25.4,-69.24,4.9,95
47.44,153.35,4.8,33
-5,151.33,0.5,169
-24.65,-70.95,0.5,33
40.75,23.06,2,10
47.57,-122.4,2.8,8
51.78,175.45,5,33
30.14,50.59,4.5,33
57.71,-152.33,4.3,33
41.22,72.3,5.4,33
-6.73,156.43,4.5,73
36.17,141.21,3.7,31
-33.39,-68.78,0.6,10
-4.96,153.4,4.1,82
37.53,32.01,1.1,10
35.12,-105.96,2.8,0
4.8,95.21,5.3,56
43.86,12.09,0.8,10
17,-62.27,2.7,10
37.96,142.71,0.9,29
41.75,28.43,0.6,10
12.4,124.77,5,33
14.37,-59.88,3,33
-27.77,-72.51,0.5,33
45.08,7.34,2.4,10
-2.89,141.51,6.1,21
-24.12,-175.09,5.2,33
44.14,6.93,2.2,10
12.52,92.86,4.1,33
-15.03,140.29,4,10
37.25,27.57,1,10
2.2,126.55,4.4,127
38.53,20.36,3.6,10
-32.71,-72,0.7,33
37.01,27.23,0.5,10
57.7,-143.11,0.7,10
-0.43,124.4,4.7,33
34.79,25.93,3.8,10
42.07,90.58,4.3,10
41.05,23.04,2,10
47.06,153.6,5,33
48.76,154.89,4.6,33
20.27,119.74,4.2,10
-11.48,117.38,4.2,33
-9.17,157.62,4,62
51.42,-174.79,4.7,33
35.65,11.63,5.1,16
-5.19,129.33,4.6,33
-3.27,130.88,4.6,33
23.95,103.07,3.9,10
42.31,19.31,2.7,10
44.6,-129.72,4.8,10
49.67,155.89,4.7,67
-18.74,-178.05,4.6,419
30.19,83.06,0.2,33
60.01,-153.52,1,142
-4.05,130.4,0.6,33
-6.48,154.89,4.7,62
46.97,153.6,4.9,33
17.3,-61.79,3.1,10
47.65,-122.19,3.3,1
37.81,-122.6,2.6,12
41.47,24.64,3.1,10
61.75,-150.88,0.7,62
33.92,-118.64,3.5,12
42.5,16.74,3,10
39.78,21.69,0.3,10
-30.9,117.17,0.4,10
29.68,131.41,4.5,33
60.09,-152.82,0.7,95
41.47,144.66,3.7,33
-9.24,120.4,4.8,217
46.35,153.85,4.8,33
47.02,16.99,3.7,10
47.52,154.33,5.6,28
40.37,29.27,0.3,10
63.12,-150.81,1.1,112
30.6,70.27,4.7,33
40.02,23.91,3.5,10
14.38,-59.45,3.6,17
59.44,5.95,4.8,10
11.15,-86.92,1,33
37.79,-2.53,3.7,10
60.27,-152.61,1,108
44.1,8.1,2,10
-9.42,127.14,3.7,209
45.93,-57.54,3.9,18
-24.02,-66.88,4.8,190
61.48,-150.24,3,43
34.15,135.22,1,10
44.92,20.55,3.2,10
44.31,6.84,2.7,10
21,-108.19,4.2,10
-20.91,-68.5,1.1,106
47.19,4.43,2.8,10
58.18,-153.43,0.5,64
-55.75,-26.82,5.3,25
42.38,-8.51,3,5
39.03,27.67,3.8,9
51.19,15.68,3.5,5
40.28,25.65,3.7,10
2.25,126.78,5.3,33
2.16,126.56,5.2,33
2.46,126.69,5.5,38
45.1,6.48,2.8,10
43.15,0.21,3.5,10
-17.59,167.68,4.8,33
39.06,29.74,4.4,10
-29.24,-178.56,4.9,198
5.86,125.8,5.3,122
39.26,27.72,1,10
37.46,30.71,0.5,21
49.87,78.08,5,0
37.63,20.85,3.2,10
42.78,12.49,3.6,10
53.2,159.2,4.6,33
34.68,24.2,4.2,17
-56.31,-26.78,4.9,33
-4.67,102.79,4.8,91
31.23,97.96,4.5,33
60.15,-152.82,0.6,108
32.12,-114.99,3.2,6
47.49,7.58,2.2,10
-31.31,-67.18,4.9,48
48.12,153.3,4.9,115
-5.99,127.93,4.7,407
44.67,9.96,3.5,12
-21.7,169.78,1,33
-21.91,169.9,5.1,26
13.77,-59.99,3,33
-32.23,-68.08,0.9,123
41.2,20.15,2.4,10
37.79,29.27,0.8,10
-0.86,150.35,3.9,33
39.15,24.51,4.7,9
-4.37,135.55,3.9,33
-17.67,-69.79,4.9,144
2.26,127.93,5.2,53
-10.29,161.51,4.8,81
-7.62,127.4,5,196
18.35,-61.36,3.8,33
37.76,29.23,0.6,10
39.28,21.77,3.3,10
-4.15,129.68,4.1,146
43.61,0,3.2,10
-33.06,-71.54,0.3,10
44.52,7.28,2.2,10
40.18,19.56,4.4,17
37.14,-116.07,3.7,0
59.72,-152.79,0.8,86
42.46,27.67,0.3,10
59.57,-152.96,0.2,94
17.78,-60.92,4.8,32
-25.79,-176.91,5.1,70
-32.11,-71.63,4.9,33
-8.34,118.38,4.4,33
44.09,16.24,0.5,10
-33.66,-71.65,0.7,19
-15.48,-173.36,4.3,86
35.73,140.04,0.5,29
49.71,7.78,3,10
36.45,70.84,4.1,157
17.88,146.61,4.5,62
39.26,23.62,4.3,10
1.7,127.16,5.2,116
39.11,23.26,2.9,10
37.48,-118.62,3.1,10
39.28,27.76,0.8,10
39.27,23.61,4.5,10
9.72,-62.1,0.7,10
23.9,68.53,4.1,33
39.29,23.43,2.9,10
39.23,23.25,3,10
39.2,23.03,3,10
38.57,26.96,0.5,10
43.02,145.35,4.3,70
33.79,141.4,5.6,49
27.73,56.9,4.5,33
44.89,6.64,2.1,10
64.08,-86.79,0.4,10
11.05,-61.78,3.5,33
-13.52,33.65,4.7,10
-14.52,33.07,3.3,10
39.24,27.71,0.6,10
43.79,10.9,0.6,10
58.12,-149.65,3.6,10
43.25,12.48,0.5,10
62.46,6.37,2,10
31.27,66.87,4.2,10
42.48,24.19,1.1,33
47.89,6.49,2.1,10
58.65,-155.24,0.5,147
39.21,23.66,3,10
34.47,140.18,2.8,10
35.3,46.51,4.3,5
36.18,28.01,3.5,10
39.08,29.14,0.5,10
-30.94,180,5.1,399
44.24,7.53,1.5,10
45.98,14.1,1.8,10
-32.48,-71.61,1.1,24
51.05,15.78,3,10
60.91,4.86,1.7,10
43.39,5.43,3,9
-24.53,178.46,4.8,646
42.94,18.4,4,10
51.51,-178.39,5.7,33
50.46,-119.52,3.6,18
-17.98,-178.74,4.7,685
40.53,27.57,0.5,10
44.5,-128.86,4.1,10
37.14,-82.07,4.3,0
60.26,5.02,1.5,10
31.16,50.54,0.4,33
-11.28,167.1,4.8,41
31.7,-115.76,3.4,6
51.1,15.99,0.4,10
31.66,35.67,0.8,10
39.58,28.86,0.7,10
16.43,119.92,4.9,53
37.42,-121.81,3,5
38.64,27.28,1,10
36.51,24.02,3.9,65
70.11,8.34,3.1,0
19.12,-69.6,4.8,93
44.6,27.48,0.6,10
38.18,20.7,3.4,10
44.23,6.33,2.5,2
39.4,27.7,0.7,10
-24.32,-67.22,0.5,200
39.51,74.19,4.1,33
39.1,27.62,0.4,10
60.09,-153.6,0.3,159
18.25,119.24,4.7,51
16.35,-98.68,4.9,10
17.66,-105.27,4.2,10
46.86,152.9,4.8,33
44.32,149.84,4.2,33
13.3,144.38,5.2,114
44.6,7,2,10
36.07,-1.58,3.5,10
39.21,23.59,3.2,10
-37.54,176.26,4.4,276
-14.83,166.69,5,61
66.96,-156.29,5.7,6
39.23,23.56,3.1,10
66.92,-156.35,3.8,5
-16.69,-174.73,4.8,33
-17.48,167.84,5.1,27
-17.52,167.94,4.3,42
39.08,27.54,0.9,10
40.72,23.39,2.4,10
37.19,22.99,3,10
30.15,140.07,4.7,33
37.1,27.79,0.6,10
37.1,27.94,0.6,10
37,28.14,5.4,16
37.09,27.88,0.5,10
-4.35,101.41,5.8,27
41.79,12.74,0.2,10
58.05,-154.13,1.1,73
-5.54,147.24,4.9,209
39.16,21.87,3.4,23
39.95,23.33,0.7,10
38.92,27.59,0.4,10
-32.08,178.83,3.9,457
39.09,23.2,3.1,13
-20.63,-68.18,0.6,33
-4.24,101.51,3.9,33
66.91,-156.17,3.5,5
29.96,51.65,5.1,33
29.89,51.82,4.8,10
60.72,5.55,1.9,10
67.19,-156.38,0.5,5
40.54,-127.44,5,5
-17.99,131.41,4.1,10
-31.98,-178.66,5.3,10
-11.46,114.79,1,33
40.51,22.62,0.8,10
36.08,24.9,3.5,33
34.46,27.46,3.7,33
40.51,22.62,1,10
37.74,15.1,0.4,10
29.91,99.32,4.9,10
34.97,135.57,3.6,10
58.54,10.47,2.2,10
31.64,140.7,4.7,33
39.5,106.49,4,10
40.57,22.45,2.3,10
59.78,-152.87,0.3,86
45.55,3.55,2.9,5
-10.02,161.02,4.4,33
-34.1,-71.1,0.6,33
2.69,128.42,5.2,53
37.28,27.82,0.3,10
39.58,19.48,0.3,10
33.31,75.45,3.9,33
66.46,13.1,3.3,10
-20.03,-69.35,0.6,112
36.14,139.88,1,33
59.13,-138.11,0.8,0
46.04,14.75,0.9,10
52.44,-168.51,4.8,33
-7.54,129.52,0.2,33
4.15,122.55,4.8,616
-33.16,-70.02,0.4,33
44.44,7.34,2,10
50.84,51.24,4.5,33
44.25,148.84,4.9,33
37.11,-116.12,4.4,0
49.78,97.52,0.7,33
45.47,26.23,3.5,128
45.39,151.77,5.5,33
-7.72,-74.4,4.8,160
58.69,-155.96,1.1,156
36.81,-121.54,2.9,6
36.26,141.39,4.7,28
39.55,40.17,5.1,38
36.2,-120.3,2.9,6
40.01,27.46,0.9,10
39.14,27.58,0.4,10
24.33,121.09,0.7,65
63.34,-150.25,4.2,14
-5.29,145.77,4.8,109
59.92,-29.57,4.2,10
-52.34,160.57,8.2,10
35.67,27.3,3.6,75
58.03,6.39,2.3,0
44.13,-127.54,3.4,10
30.33,-109.14,3.5,5
42.51,18.5,2.5,10
42.91,18,2.8,10
-9.23,158.88,5.1,10
30.15,50.65,4.7,64
44.64,7.3,3,10
-6.59,147.76,4.7,54
10.55,-60.57,3.4,33
37.2,28.63,0.8,10
40.43,63.39,4.7,33
36.39,35.53,1,33
40.13,29.33,0.7,10
60.64,5.91,1.5,10
-6.45,148.05,0.7,33
19.34,-155.04,4,9
11.8,-73.15,4.5,60
-6.6,147.77,4.9,41
-4.66,134.02,4.4,33
12.87,144.69,0.6,55
23.8,121.83,0.6,10
38.76,45.31,3.6,33
11.7,43.97,4.9,10
-7.07,129.81,5,131
59.89,-153.37,0.9,126
-19.53,-173.74,5.5,22
36.25,-120.3,3.1,6
41.62,72.9,4.9,33
37.33,20.74,4.2,10
32.41,-115.37,3,6
63.39,-149.82,1,104
17.08,-62.25,0.8,10
67.35,-157.4,1.1,37
-29.92,-70.14,0.3,33
15.94,-60.97,2.1,23
23.5,94.99,1,33
61.22,3.53,1.9,10
-10.38,119.53,5.1,33
36.83,-5.3,2.6,10
-2.9,143.46,5.3,33
-52.3,160.54,4.9,10
35.37,27.42,4.1,13
2.5,126.58,5,33
63.24,-150.51,1,120
-12.45,121.52,5.1,33
38.84,29.14,0.5,10
58.8,-143.13,1.1,10
39.6,21.69,0.6,10
61.22,-152.41,0.8,125
17.8,-65.6,4.5,15
61.63,5.28,1.8,10
32.01,54.44,4,33
36.89,-5.27,0.7,10
42.82,12.98,2.5,10
37.59,31.43,0.5,10
35.68,70.54,4.9,118
36.56,70.11,4.5,187
34.31,70.78,4.5,33
61.46,-151.52,0.6,82
51.83,-174.33,4.9,33
60.69,5.51,1.7,10
32.06,96.63,4.2,33
45.1,151.29,5.6,44
-6.84,-13.09,4.8,10
35.35,24.45,3.8,10
-62.66,165.1,4.5,10
28.04,55.3,4.4,54
37.98,27.54,3.3,10
37.74,29.32,0.9,10
15.77,-60.83,2.5,33
18.86,145.2,4.5,598
43.83,11.96,0.8,10
38.93,20.26,3.4,10
55.8,-161.38,0.7,167
36.68,141.38,3.6,33
42.51,19.3,2.3,10
34.88,139.2,0.2,5
-52.13,159.34,4.7,10
36.1,-120.2,2.7,4
59.94,-153.31,0.8,133
34.58,23.91,4.4,14
39.99,23.39,1,10
49.18,6.93,1,10
43.8,11.98,0.5,10
34.39,25.33,3.7,57
34.87,139.24,0.6,5
23.09,120.66,1,10
1.39,127.4,4.7,118
34.98,139.16,0.7,5
35.07,139.24,0.6,5
-17.07,-175.11,4.6,288
34.85,139.08,0.4,5
35,139.26,0.7,5
37.55,-118.36,2.5,5
61.81,7.36,2.1,10
34.97,139.15,0.4,5
-8.15,125.31,4.3,33
63.18,-150.63,0.7,124
46.31,7.27,2.8,10
53.44,-169.27,4.6,112
17.34,-61.21,3.2,10
44.33,8.21,2.2,10
45.19,25.29,0.9,10
31.25,-115.96,3.6,6
51.76,-179.57,4.7,33
40.77,29.07,0.2,10
36.43,-98.88,3.1,5
1.94,126.79,4.5,33
43.63,12.62,0.7,10
16.03,-61.08,0.6,77
37.46,115.13,0.7,33
-31.63,-69.12,0.4,121
60.72,5.58,1.7,10
44.75,-111.06,4.1,5
-31.85,-71.51,0.8,10
28.89,68.24,4.7,31
6.28,126.86,4.4,208
37.76,15.17,3.9,24
43.4,5.42,2.5,10
-31.7,-69.12,0.5,127
38.78,13.83,0.8,33
64.11,-151.74,3.1,10
36.85,-5.11,2.8,10
37.44,143.06,4.5,38
35.29,45.53,4.2,33
-32.7,-68.86,0.9,22
45.93,15.73,2.8,10
10.42,-60.72,3.4,33
59.98,-152.77,0.5,97
38.29,22.25,3.7,10
-19.01,-69.45,0.4,33
-13.66,-75.78,0.3,10
-3.66,150.7,5.5,10
36.06,27.52,3.6,10
66.31,-150.07,4,33
44.09,7.51,1.6,10
-6.84,106.13,5.2,33
39.35,142.81,3.4,33
-23.83,-69,0.9,156
41.2,23.12,1.3,10
46.16,7.72,2.7,5
-31.46,-69.18,0.5,93
40.62,22.37,2.8,10
23.13,121.83,0.7,10
38.86,21.19,3,10
43.69,12.18,0.4,10
-3.89,-12.36,4.7,10
-5.08,103.58,4.5,97
61.61,-146.37,0.6,0
39.09,28,3.6,10
25.61,141.09,4.5,164
-10.62,162.13,4.5,33
-23.11,170.15,4.7,33
-31.58,-69.29,1,124
60.72,5.57,1.8,10
46.02,13.64,2.3,10
46.01,13.7,2.9,10
-22.14,170.95,4.6,113
48.32,7.67,2.4,10
36.08,28.83,4.2,66
42.27,1.32,0.5,10
-4.37,153,5.3,108
-31.51,-69.21,0.4,100
-31.53,-66.91,0.3,33
16.34,-60.8,2.4,33
51.38,175.65,4.9,33
37.33,21.13,3.6,33
44.66,12.05,2.8,10
40.56,106.06,4.1,33
12.07,41.68,4.6,10
41.82,22.85,2.1,10
40.56,-123.75,3.2,42
-5.03,151.39,5.2,132
42.71,13.17,2.2,10
-24.33,-66.07,0.5,33
60.01,-152.44,1.1,66
36.93,20.95,3.2,10
38.11,20.79,3.2,10
41.69,20,0.2,10
43.1,-0.48,1,10
10.92,-86.01,4,149
-13.64,167.8,4.4,33
62.8,-149.13,1,67
-29.22,-177.37,4.6,156
5.33,125.59,4.1,131
60.47,-151.39,0.4,45
37.72,15.05,0.4,10
43.88,7.78,2,10
58.14,6.2,2.1,10
37.59,20.84,3.9,10
44.24,6.69,1.9,10
37.77,15.07,0.8,10
-34.73,-70.28,0.4,10
47.74,7.08,2.7,10
59.35,-153.14,0.8,89
37.09,-3.73,2.6,10
46.7,150.68,4.2,165
41.2,23.18,0.7,10
18.35,-61.82,2.9,10
27.66,33.86,4,10
-24.65,179.8,4.3,500
36.67,139.34,0.4,5
23.3,122.08,0.3,10
43.09,13.35,2.1,10
43.38,5.41,2.7,9
-17.19,-171.52,4.9,33
-31.14,-68.4,0.8,110
49.78,-126.88,4.5,34
37.16,28.02,0.3,10
-33.91,-71.82,0.3,33
47.61,7.32,1,10
-18.56,-69.34,0.2,33
-32.08,-69.39,0.4,130
51.46,150.77,4.4,534
51.72,-173.24,4.7,48
-3.06,134.69,5.5,33
62.46,-148.09,0.4,15
-36.33,-71.09,0.6,92
40.4,51.76,4.3,33
21.71,112.26,4.7,33
-7.88,130.17,4.6,204
43.85,7,0.8,10
25.47,103.21,4.7,33
-17.75,-70.45,0.9,33
-12.38,-77.65,0.6,10
59.37,6.05,1.7,10
39.09,97.11,4.9,33
-24.05,-177.01,4.2,237
39.49,-29.85,5.1,12
40.5,28.42,0.5,10
-7.07,155.59,4.5,69
37.97,15.42,0.9,10
33.3,134.93,5,33
-33.07,-73.3,1.1,10
51.5,16.27,0.6,10
-30.23,-68.44,4.4,57
-4.72,138.7,4.4,33
35.92,25.42,0.4,10
39.22,22.01,3.3,10
-14.1,166.1,4.5,186
44.57,6.86,2.6,10
55.55,161.56,4.6,33
40.46,51.92,4.1,33
40.39,27.24,0.9,10
43.83,8.73,2.2,10
40.65,29.88,0.4,10
45.33,-28.02,4.8,10
-6.56,130.1,5.3,155
-38.35,175.57,0.3,227
37.65,15.05,0.8,10
16.64,-93.69,0.4,169
52.58,-169.21,4.8,33
49.17,6.81,2,10
57.49,-142.88,0.9,10
39.22,20.41,2.7,10
37.78,26.96,3.3,10
-7.08,146.05,5.2,185
24.05,121.52,0.6,10
39.66,118.33,3.9,10
42.19,15.66,0.3,10
42.15,15.6,3.7,10
42.16,15.62,0.8,10
51.27,15.97,3.3,10
44.61,9.62,0.9,10
51.04,-179.13,4.6,33
51.55,-179.79,4.2,33
40.84,22.91,0.5,10
34.17,25.14,4,33
43.93,7.64,2,10
-7.93,129.51,4.2,10
-0.77,119.07,4.8,33
39.02,35.63,4.2,10
43.08,-0.55,1.2,10
36.87,-5.4,2.4,10
9.31,125.92,5.1,57
58.53,-143.59,0.4,10
19.78,-45.86,4.8,10
44.51,7.32,2,10
34.58,22.9,3.8,33
35.63,26.89,3.9,10
36.54,142.66,4.8,33
-3.2,137.42,4.6,116
42.97,17.52,2.5,10
43.42,5.51,3.2,10
-7.32,128.64,4.4,123
50.54,-28.96,4,10
44.56,7.27,1.9,10
36.34,30.68,0.8,85
-16.01,-173.33,5.4,126
-23.55,179.8,4.9,619
45.57,10.61,0.8,5
32.31,129.62,4.7,5
44.25,6.61,2,5
36.86,-9.85,4.5,33
43.71,13.14,1,33
28.99,-128.58,4.4,10
-5.53,-38.26,4.2,33
37.17,-122,3.1,18
37.13,-122,3.9,19
37.13,-121.89,3.1,5
36.99,-5.1,2.8,10
37.09,-121.85,3.9,8
37.21,-122.07,2.9,13
37.2,-122,2.8,11
37.1,-121.91,3.1,10
51.26,179.08,4.9,33
39.82,-8.76,3.8,10
-49.35,126.18,5.1,10
36.92,-121.69,3.8,14
40.08,51.81,4.7,52
39.54,28.51,0.9,10
46.41,1.43,2.3,10
36.16,23.88,3.2,29
38.12,21.95,3,10
2.75,125.75,0.4,33
-19.1,-66.61,4.8,267
-25.65,179.81,5.7,441
37.04,-121.81,3.2,8
10.83,-61.47,2.5,32
48.94,-125.1,4.1,34
41.64,82.29,4.8,33
43.79,21.07,3.2,22
-6.11,150.45,4.8,61
23.93,122.58,1,5
-31.34,-70.05,0.9,159
18.96,-67.4,0.3,33
36.98,-121.79,4,14
-22.55,-176.9,5.1,185
-59.65,-26.03,5,33
-11.83,116.9,4.6,33
43.04,145.18,4.2,59
-49.18,123.38,4,10
28.88,34.62,0.3,10
28.55,34.76,0.3,10
-9.74,118.29,4.6,83
39.21,144.24,4.1,10
36.71,21.07,0.4,10
-32.01,-69.64,0.4,10
62.41,-149.32,0.3,57
18.09,-66.01,0.7,33
37.26,-116.49,5.7,0
-9.23,112,4.8,33
-6.92,129.92,4.5,77
44.61,7.25,1.6,10
39.08,144.06,3.8,33
39.21,143.94,4,33
61.99,-150.53,3.8,5
-6.39,105.14,5.1,91
37.22,28.22,0.6,5
-32.96,-72.04,0.5,25
58.76,-153.19,0.7,71
37.02,-121.79,2.7,8
39.71,143.72,4.7,28
-3.19,-80.58,5.3,33
37.15,71.69,4.4,125
-19.69,-178.75,0.2,707
44.73,-129.52,0.6,10
58.43,-157.1,4,46
36.45,71.16,3.9,77
36.42,70.4,4.1,211
38.65,26.05,0.3,10
24.45,124.84,4.4,33
36.82,-121.54,3.2,5
37.84,30.42,0.7,10
26.15,130.75,4.6,33
15.06,-60.38,2.8,33
39.57,26.4,0.7,10
37.86,21.3,3.3,10
47.47,11.88,4.5,11
15.9,144.05,4.4,33
37.11,28.05,1,10
63.81,-148.99,0.6,116
-11.34,118.02,5.3,24
41.73,12.72,0.4,10
-0.02,123.21,4.8,144
-6.75,147.49,4.1,80
30.58,60.11,4.5,33
-34.29,-70.91,1.1,68
44.63,148.2,5.5,52
15.98,-99.29,0.5,33
-33.86,-70.33,0.6,104
6.28,125.79,4.5,62
64.73,-147.49,1,19
-63.34,170.7,5.4,10
41.18,20.16,2.6,5
41.71,12.72,0.6,10
12.71,48.2,5,10
62.24,-151.17,0.9,78
39.85,143.52,4.3,33
-3.73,151.39,4.6,33
44.62,7.24,1.6,10
44.3,7.19,2.1,10
10.3,-61.41,2.6,33
-18.32,168.15,5.1,23
12.19,-88.64,4.9,43
17.38,-61.76,3.2,33
44.76,10.56,2.3,10
40.14,19.61,3,10
65.23,12.03,3,10
15.99,-61.2,2.8,33
43.01,-0.98,3,5
37.99,-1.5,3.2,10
39.71,-110.7,2.8,3
39.81,30.42,0.3,5
39.28,28.21,0.4,10
-32.85,-72.35,0.9,10
-5.72,150.96,5,69
43.57,16.96,2.9,10
38.22,22.74,3.3,10
-17.78,168.4,4.7,88
38.36,27.56,0.3,10
9.99,126.37,5.1,86
39.75,113.85,4.3,10
44.32,7.23,2.3,10
8.27,127.13,4.8,33
4.08,96.03,4,76
62.04,-149.82,0.4,48
37.99,29.02,0.2,10
-15.37,167.42,5.3,141
36.69,-121.36,2.5,5
38.11,15.89,0.4,10
18.31,-62.02,3.5,10
39.3,23.61,2.8,10
7.93,127.32,4.8,33
37.21,-7.35,5.2,14
-14.02,-70.79,4.3,33
8.2,126.9,4.9,33
53.31,-163.88,4.6,15
63.06,-149.52,0.6,90
44.87,10.42,0.8,10
-22.42,-178.48,4.9,416
41.67,12.72,0.7,10
40.69,21.61,3.4,10
40.81,-127.61,3.9,6
63.33,-145.2,1,0
-59.57,-25.9,5.1,33
36.75,26.63,4.1,10
-9.07,121.6,0.9,33
44.32,9.73,2.9,10
15.49,-60.81,3.2,29
8.55,126.89,4.9,36
43.54,7.52,2,10
45.8,15.52,3.4,10
45.84,15.45,3.3,10
39.92,29.26,0.8,10
40.12,24.52,3.6,10
-3.41,146.33,4.9,33
7.58,126.94,5.3,43
16.29,-61.14,2.3,10
44.69,147.71,4.2,70
43.42,146.06,4.6,73
38.76,22.53,3.2,10
32.38,138.82,5.1,247
-19.26,-69.53,5,108
-31.52,-68.52,0.9,109
-32.16,57.45,5.3,10
36.08,27.11,3.7,10
-32.08,-69.98,1.1,33
-33.81,-69.97,0.4,10
40.28,23.14,0.5,10
61.84,-151.04,0.7,70
-31,-69.12,1.1,28
-52.19,13.51,5.5,10
-10.07,123.82,5.6,32
-10.44,124.2,5,77
26.56,86.66,4.7,68
36.41,27.58,3.2,10
35.23,-118.22,3.4,3
36.06,27.19,1.1,10
12.67,-87.49,5.3,86
42.97,13.27,0.8,10
-32.39,-179.71,5,83
38.85,26.49,3.1,10
44.54,7.28,1.7,10
36.05,27.16,0.5,10
16.05,-61.05,2.4,10
36.04,27.19,3.7,10
-4.86,152.45,4.9,82
36.15,27.17,4,10
44.81,6.73,2.7,10
36.17,27.13,4.1,10
36.06,27.21,3.4,10
-4.24,127.05,4.5,10
65.93,-150.44,0.3,88
34.56,31.17,3.1,33
44.42,7.52,2.8,10
-31.67,117,5.5,6
37.56,21.12,4.3,10
15.24,-60.54,2.4,33
-7.43,126.68,5.1,325
35.34,141.23,4.9,22
59.8,-152.18,0.7,66
36.96,29.33,0.3,10
37.78,15.02,2.8,10
35.59,51.44,0.5,10
44.22,8.29,1.4,10
23.6,121.7,3.9,27
41.7,12.71,0.5,10
60.79,2.74,1.9,10
40.31,-124.41,3,8
42.52,-71.54,2.5,5
38.19,22,2.9,10
42.31,-126.42,4,10
35.54,51.72,1,10
36.67,-121.35,3.9,5
36.08,27.29,4.1,37
61.24,-140.28,1,0
41.21,28.51,0.4,10
-15.68,167.48,4.6,136
-31.23,-68.62,0.3,116
16.71,-99.86,0.5,33
37.51,76.69,4.3,33
39.86,23.85,0.9,10
39.11,27.61,1.1,10
63.6,-149.88,0.8,145
30.9,-41.54,4.8,18
50.41,5.96,2.6,10
-2.44,-27.8,4.5,10
36.78,26.58,3.1,10
38.2,28.84,0.6,10
34.44,-106.86,4,10
64.03,-148.15,0.4,103
35.65,26.66,3.4,10
38.18,26.59,3.3,10
43.99,8.6,2.8,10
18.76,-65.9,0.4,33
44.01,7.45,2,10
18.91,120.56,4.8,12
-11.28,162.91,3.9,33
9.67,124.86,5.2,33
45.37,2.53,2.3,10
25.17,123.69,4.4,37
20.86,100.92,0.9,33
8.19,126.05,4.9,33
45.15,7.07,2.5,10
-31.55,-69.14,4.7,120
41.97,20.42,3.2,10
15.33,-104.36,5,33
-7.33,128.87,4.1,197
44.06,7.93,2.3,10
39.34,27.77,0.9,10
51.62,178.04,5.3,60
0.9,125.96,5.1,56
-8.56,128.11,4.2,317
45.62,6.96,2.1,10
15.32,-61.23,0.3,116
31.33,140.38,4.9,33
17.33,-60.97,3.6,33
41.87,19.9,0.8,10
61.51,3.48,1.5,10
22.72,122.78,4.4,33
-5.27,151.35,4.7,33
53.36,-167.22,4.5,33
40.58,25.77,3,5
-19.62,-179.51,4.6,617
36.96,-121.74,2.5,13
34.35,-117.21,3.2,5
42.32,19.11,2.2,10
36.94,-121.6,2.6,3
38.18,15.09,0.3,10
36.1,27.18,4.5,10
38.94,27.06,0.4,10
41.29,19.8,3.1,10
41.19,19.69,3.2,10
36.41,137.72,4.1,10
42.19,16.58,3,10
52.1,174.37,4.9,33
-32.83,150.69,3,10
-1.18,-78.28,0.6,10
39.12,27.64,0.5,10
62.94,-150.94,1,114
34.49,27.05,3.8,10
37.11,29.28,0.8,10
36.46,71.45,4.9,125
-33.11,-72.39,0.8,138
21.71,143.05,4.1,302
15.87,-60.41,2.6,23
34.14,-117.7,6.2,5
34.13,-117.7,4,4
53.34,160.03,5.6,27
34.15,-117.72,4.8,11
46.64,12.49,2.3,10
-33.53,-72,1,33
44.08,7.05,1.7,10
45.04,152.53,4.7,33
40.21,25.19,3.1,10
38.38,21.92,3,10
41.25,20.09,2,10
-33.42,-71.9,0.5,33
17.77,-65.67,0.5,10
3.67,126.39,4.6,33
44.23,6.69,2.4,10
-21.43,175.82,5.1,50
40.43,29.11,1,10
39.1,27.63,0.9,10
-31.85,-69.21,0.9,33
-19.46,169.23,5.4,164
40.59,23.43,2.5,5
30.52,97.33,4.3,33
61.23,-149.65,3.3,34
67.73,21.08,2.1,5
51.48,-174.98,5.1,15
47,144.74,4.7,373
19.29,-65.11,1,33
39.43,23.39,3.2,10
62.99,-150.4,0.8,98
45.87,14.65,3.8,5
4.57,122.62,5.6,639
21.42,122.43,3.8,33
-11.84,-73.86,3.9,72
40.37,22.03,3.3,5
-21.25,-68.88,4.5,117
-31.67,-70.09,0.7,33
38.65,15.18,0.5,10
60.53,-152.87,0.8,142
37.75,14.99,0.3,10
37.75,15.03,0.4,10
22.56,120.53,3.5,33
44.79,7.62,1.7,10
-4.4,144.07,5.4,122
36.72,-91.49,3,5
37.93,-122,2.8,10
55.29,-162.53,3.3,163
41.15,20.37,3,10
29.5,131.6,5.6,31
44.49,7.1,3,10
-19.62,-175.47,5.2,33
58.54,-142.7,0.9,10
15.98,-97.86,4.9,33
45.11,28.48,0.3,10
38.47,-118.2,3.9,6
39.11,27.59,0.5,10
48.86,-0.92,2.1,10
-32.66,-73.12,0.2,10
41.16,28.99,0.8,10
9.59,-84.66,5.6,40
46.85,-121.91,3.4,10
-5.24,102.52,5,34
-26.74,-70.78,5.1,29
37.11,72.67,4.5,33
-34.63,-72.62,5,33
37,72.77,4.8,33
54.63,160.93,4.6,70
44.46,13.18,2.7,10
-4.64,152.93,4.6,73
40.05,78.8,4.4,33
-16.09,-173.11,5.3,33
40.44,-124.18,3.5,23
-24.3,179.85,4.9,628
39.98,23.88,2.5,10
39.94,23.92,2.3,10
40.01,23.82,3.4,10
45.87,15.87,3,10
43.19,13.29,0.6,10
41.26,15.02,0.8,10
8.25,127.06,4.8,46
-31.16,-68.98,0.6,33
-10.07,154.38,4.9,33
35.62,28.24,3.7,10
-32.69,-72.71,0.6,33
-31.25,-68.86,0.9,110
36.85,-121.6,2.9,5
-37.8,-72.88,4.6,33
45.8,10.96,2.4,10
41.89,12.78,0.9,10
-8.87,124.4,4.3,180
15.34,147.59,5,33
15.2,147.51,5.7,36
-2.52,139.23,5,33
15.18,147.6,6.2,15
-26.16,-175.99,5.3,25
38.83,22,3.2,10
-33.93,-70.96,0.7,33
38.83,21.92,3.7,11
35.99,139.9,4.8,64
34.31,25.05,0.5,33
38.88,21.99,3.5,12
38.79,21.99,3.3,40
15.44,146.91,4.6,33
57.91,-155.36,4.9,113
36.87,-121.62,3.8,4
42.97,18.76,2.2,10
-32.5,-70.39,0.3,33
42.88,1.55,2.9,5
7.98,126.64,5.5,66
27.57,139.89,4.6,473
33.87,-116.16,3.3,5
5.61,-0.32,3.1,10
41.2,14.68,0.7,10
-4.84,152,4.5,90
-30.51,116.96,0.6,10
39.35,29.3,0.5,5
42.37,26.26,0.8,10
36.66,-121.33,3,4
40.46,-84.85,3,5
10.91,-62.33,3.4,33
14.92,147.71,3.9,33
-57.97,-10.32,5.2,10
1.13,122.64,5.6,33
1.32,122.97,5.3,33
38.03,14.93,0.7,10
1.43,123.58,5.1,33
42.03,12.85,0.7,10
13.24,-90.08,5,77
-6.96,155.45,4.5,77
51.53,16.1,3.1,10
41.26,14.93,0.8,10
33.88,-116.16,3.3,5
1.37,123.55,4.8,42
37.73,14.96,0.3,10
1.06,122.82,5.8,24
46.84,7.55,2.6,10
37.87,-122.01,2.5,7
-32.52,-70.33,0.5,31
1.57,123.7,4.3,33
47.9,153.99,5,33
-33.62,-71.39,0.8,10
-17.26,-72.78,5.1,30
37.07,-121.91,2.7,14
-54.88,-129.54,5.2,10
-31.65,-68.17,0.9,14
37.33,30.64,0.9,10
39.6,38.45,4.6,10
38.81,31.3,0.8,10
60.79,-152.16,0.3,120
-15.49,-72.79,3.2,97
46.52,153.85,4.5,33
-9.42,155.65,4.8,10
-35.25,-105.21,5.2,10
42.22,143.17,4.5,67
-6.37,151.85,4.2,36
43.61,12.16,2.5,10
42.69,144.6,4.6,93
40.35,20.4,2.2,10
15.5,147.64,4.1,33
39.95,27.32,0.8,5
36.56,27.33,1,33
58.34,-154.21,1.1,65
49.04,141.85,7.2,605
41.95,23.92,0.8,5
59.83,-139.8,0.7,0
43.59,12.15,0.9,10
43.64,12.16,0.4,5
38.9,27.12,0.7,10
39.22,29.51,0.6,10
61.68,-150.45,3.3,45
40.65,19.91,3.5,5
-0.77,122.63,4.6,48
-0.36,99.14,5,68
4.27,127.5,4.4,33
58.93,-136.93,0.7,2
-34.58,-71.97,0.5,60
-31.5,-68.61,0.5,100
37.73,14.87,0.5,10
37.72,14.85,0.6,18
-31.22,-68.48,1,100
13.79,-60.99,4.6,16
43.85,11.17,0.5,10
28.46,83.34,4.9,33
-31.65,-67.68,0.3,10
52.27,-174.82,4.2,239
40.63,23.15,2.9,10
44.5,7.05,1.8,10
18.04,-101.61,0.8,33
43.11,-0.62,1,5
-64.59,175.38,4.7,10
-53.69,140.01,4.7,10
-4.21,136.25,5.1,33
60.65,-151.74,0.8,67
43.51,11.16,0.9,10
33.2,-115.56,3.1,5
37.09,29.4,0.6,10
23.03,120.79,0.2,10
5.38,31.76,4.7,10
1.34,123.37,5.2,33
1.13,123.3,4.7,64
43.68,147.66,4.8,33
41.95,32.5,0.6,10
39.44,28.25,0.9,10
36.69,71.59,4.7,33
34.47,23.98,4.5,13
38.67,-28.5,3.7,10
1.07,122.93,4.4,33
55.26,58.7,4.5,33
15.14,147.52,4.2,33
46.24,2.63,2.6,9
-1.24,-78.64,0.7,10
42.73,13.14,0.7,10
24.18,125.91,3.9,33
-14.13,-77,1,33
-29.45,-178.87,5.3,33
39.9,28.99,0.7,10
36.84,-121.58,2.7,2
44.64,17.68,3.1,5
-15.53,-72.93,1,10
35.9,27.45,0.5,10
39.22,27.77,0.3,10
44.61,7.23,3.3,10
38.81,-122.8,2.8,4
39.89,20.5,3.2,10
60.81,-151.57,0.3,81
39.91,28.95,0.8,10
37.85,14.74,0.3,10
62.88,-150.62,0.4,88
37.35,-3.84,2.7,10
38.13,23.63,2.5,33
38.77,21,3,10
16.85,-98.52,4.4,59
44.65,7.01,2.2,10
24.25,122.5,0.3,10
17.55,-99.25,0.6,33
5.84,127.26,4.5,73
-7.24,-118.9,5.2,33
45.83,14.68,2.8,10
32.69,-117.37,2.1,12
-31.39,-68.08,0.5,10
-31.14,-68.64,0.8,89
46.95,1.42,2.3,10
-31.88,-70.85,1,120
-30.15,-69.41,4.9,117
40.27,-124.43,2.9,8
39.27,29.46,0.7,10
35.31,24.47,1.1,10
41.33,20.09,4.1,19
44.39,7.39,1.9,10
36.72,-121.39,3.3,3
45.99,-123.59,3,20
-6.93,155.66,5.2,85
37.42,49.8,1.1,10
33.16,-115.64,3.6,1
33.16,-115.63,3.7,1
50.87,-172.57,5.3,33
59.91,-153.26,3.4,122
26.7,127.83,4.4,33
-27.98,-66.74,0.7,200
-21.04,173.9,5.3,33
-30.87,-69.12,0.6,33
40.84,27.93,0.7,10
40.81,27.92,0.8,10
38.98,22.25,3.1,10
-14.56,167.94,5.4,33
18.46,-65.74,0.4,33
36.92,70.88,4.1,33
37.26,72.33,4.5,33
38.47,100.1,4.7,33
41.43,23.38,2.5,10
43.18,12.81,1,10
-33.11,-67.09,0.5,13
37.12,72.56,4.4,33
37.32,29.23,4.4,29
0.46,-79.06,0.7,10
56.13,164.58,5.3,29
40.52,23.7,2,10
45.77,26.8,0.2,93
-16.03,-177.85,4.4,439
37.78,15.09,0.3,10
38.13,20.26,3.9,22
37.33,141.9,4.6,40
47.54,-3.14,3.2,10
44.82,6.8,2.6,10
44.33,9.22,2.6,10
37.11,142.11,4.4,33
16.36,121.05,4.8,33
-31.57,-68.13,0.9,91
29.93,130.36,5,78
42.02,19.64,2.2,10
38.34,22.09,3,10
73.61,8.99,4.4,10
42.42,-126.68,5.7,10
-10.95,162.21,4.9,54
18.52,-94.51,4.7,33
-32.77,-68.65,0.6,23
-5.53,144.87,4.1,92
40.76,-127.54,4.1,5
41.16,28.49,0.9,10
15.17,94.84,4.3,33
37.9,29.19,0.6,10
41.48,18.95,2.9,10
-2.9,127.12,5.1,69
44.67,7.16,1.6,10
37.95,29.17,0.3,10
-31.85,-67.83,0.4,10
-17.69,-178.28,4.6,494
37.88,29.21,0.2,10
37.6,21.59,3.3,33
-6.9,108.12,5.8,13
-38.03,-73.28,0.4,33
-34.24,-72.33,0.5,31
-33.12,-72.2,0.7,10
1.09,121.4,4.7,33
15.69,147.04,4.5,37
37.77,15.1,0.9,10
37.38,72.13,4.6,33
-31.68,-68.52,0.3,110
40.24,27.51,0.8,10
62.29,-149.61,0.8,57
-19.77,-69.23,4.3,122
44.41,8.32,2,10
46.17,12.58,3.8,6
41.8,13.91,0.4,10
14.47,-60.7,3.3,33
6.77,32.12,4.2,10
40.18,28.95,0.6,10
33.9,-120.15,3.3,6
41.19,14.9,0.9,10
-2.43,-77.83,4.6,132
41.85,20.95,3.3,5
-9.13,118.22,5.3,86
36.49,25.52,4.5,23
36.58,25.32,3.3,10
16.06,-61.29,1.9,10
38.34,21.97,1,10
16.17,120.18,5,33
40.05,21.16,3.3,5
-15.19,-173.6,4.7,33
17.11,120.53,4.1,33
-32.46,-69.96,5.7,102
1.05,100.1,4.3,223
60.05,-153.19,1,127
1.4,123.34,4.8,45
42.91,18.25,2.6,10
55.45,111.49,4.3,20
-24.88,-176.35,5.2,33
37.12,29.5,0.6,10
36.94,29.43,0.4,10
32.12,-115.62,3.2,6
57.56,-142.93,0.5,10
36.94,29.45,0.9,10
36.92,29.44,1,10
51.44,15.82,4,8
37.02,29.5,0.4,10
63.72,-148.81,0.6,13
1.88,128.31,5.1,210
38.67,27.74,0.5,10
16.02,-60.97,2.2,33
-32.46,-71.7,0.4,10
45.49,14.31,3,10
-2.05,99.67,4.7,33
45.46,6.88,1.9,10
44.69,7.36,1.9,10
44.66,8.43,2.2,10
50.47,18.98,4.2,10
61.62,-149.87,0.8,50
-31.15,-68.3,0.2,91
38.49,24.29,2.8,10
39.44,27.93,0.9,10
-29.02,-72.22,0.7,33
39.07,27.61,1,10
-22.86,69.37,5.1,10
43.65,5.79,1.4,10
51.12,178.45,4.4,33
36.23,27.53,3.5,10
39.12,72.51,4.5,33
11.28,122.14,4.8,57
-0.12,99.52,5.1,111
39.31,23.77,3,10
44.23,12.16,2.8,10
-31.83,-72.35,1,10
44.24,6.65,2.2,10
42.55,11.91,0.8,10
16.02,121.32,4.3,33
-19.08,65.6,5.1,10
-26.24,28.36,2.9,5
9.92,-103.33,4.4,10
15.26,-60.63,2.6,29
44.01,11.3,1.1,10
39.17,28.23,0.4,10
-31.13,-71.19,0.4,33
39.25,28.26,1,10
-0.13,-78.52,3.8,14
37.02,29.5,1.1,10
35.51,24.87,3.7,33
-16.33,-71.77,3.9,131
47.81,150.24,3.9,33
51.18,5.42,3.1,10
-0.38,-80.31,4.4,33
37.47,71.64,3.6,33
38.79,-122.97,2.9,5
43.08,17.99,3.9,10
-32.14,-71.55,0.9,33
44.62,8.45,1.9,10
-31.82,-71.59,0.3,10
35.43,-35.65,6,10
-26.39,27.31,2.3,5
-31.32,-73.38,0.5,33
60.08,-139.73,0.4,13
-26.77,26.63,3.3,5
42.85,12.71,0.2,10
39.12,27.7,0.3,10
39.59,26.17,0.9,10
-31.84,-72.38,0.8,33
-26.42,27.47,2.4,5
51.45,16.29,1,10
7.51,93.97,6,21
43.88,11.49,0.3,10
47.17,11.26,4,10
36.54,-121.16,2.6,7
30.39,83.11,1,33
42.88,18.87,2,10
-27.5,-104.31,5.1,10
50.4,12.23,2.4,10
-8.27,108.35,4.5,69
30.2,83.13,0.8,33
51.09,15.76,3.8,10
39.11,27.61,0.9,10
-31.93,-72.17,0.4,111
64.78,-151.26,0.8,16
22.6,121.51,4.1,33
37.95,15.16,0.7,10
17.78,-61.65,5.1,41
59.95,-151.76,0.3,70
36.18,27.25,3.4,33
53.19,155.85,4.3,33
27.19,92.75,4.8,33
-24.15,-64.06,4.6,33
36.18,100,4.6,38
-26.35,27.44,2.5,5
47.34,9.71,2.5,10
6.15,-82.63,5.2,10
43.75,10.89,0.6,10
12.05,140.43,4.5,33
-6.27,147.92,4.7,51
-9.73,160.28,4.5,47
36.78,-121.51,2.8,8
37.05,28.03,4,24
36.66,-121.32,3.4,5
-6.07,133.8,4.4,33
-23.01,-174.61,5.2,40
37.76,15.01,0.9,10
37.74,15,0.7,10
24.82,122.63,4.3,119
32.84,-116.74,1,5
42.5,141.06,4.9,115
-33.06,-68.65,0.9,10
39.42,15.81,0.8,10
39.25,27.75,0.7,10
62.11,-150.87,0.3,64
16.28,-60.62,2.9,29
-0.04,123.06,4.7,246
-7.46,130.23,4.3,159
6.21,-82.51,4.6,10
44.44,12.75,0.3,10
37.02,-121.52,2.6,11
12.03,-59.47,3.7,33
-29.7,-176.47,4.8,84
60.67,-151.9,4.1,91
17.17,-61.72,3.1,38
14.61,123.34,4.9,71
60.64,-152.13,0.8,76
49.05,-127.53,4.2,10
42.65,144.38,4.7,64
38.37,73.21,4.4,44
-18.34,169.12,5.1,41
-24.67,-66.28,0.7,200
36.65,-121.31,2.5,6
35.89,31.02,0.4,33
43.07,-0.67,1,10
40.72,15.79,0.9,10
-16.51,176.64,4.7,33
51.36,16.06,0.8,10
36.79,-121.57,3.1,9
-14.99,-173.63,5.8,33
39.44,143.01,4.5,53
46.92,1.84,1.8,10
62.66,7.51,2,10
37.85,26.75,3.4,10
-31.45,-68.63,1.1,110
39.5,-111.03,3.2,15
51.69,176.31,5.1,34
10.88,-62.02,3.5,10
43.09,-0.63,1.1,10
51.28,-176.76,5,33
13.04,145.39,5.3,49
-6.68,147.55,5,61
24.61,125.04,3.9,33
39.7,29.45,2.3,10
14.56,124.06,4.9,33
-33.5,-70.44,0.5,10
62.69,-150.92,0.2,90
41.08,29.35,2,10
-32.35,-70.35,0.9,10
40.73,30.03,2,10
39.29,27.75,3.1,10
38.97,29.77,2.6,10
-15.76,-69.46,3.8,288
37.81,23.14,0.9,111
60.03,-141.08,0.7,0
-24.85,179.68,4.8,505
59.87,-153.32,0.4,124
43.63,7.29,2.1,10
48.33,7.45,2.5,10
-6.06,-107.42,4.3,10
-13.27,167.21,5.2,168
-33.65,-71.79,0.4,20
59.81,-152.38,0.3,79
-20.83,-178.71,4.6,596
44.03,12.08,0.8,10
33.41,132.17,4.4,33
21.18,-99.69,4,10
32.84,48.21,5.3,45
15.3,-97.9,0.9,33
32.72,48.34,4.6,47
37.25,-116.49,5.6,0
43.16,-0.39,2.7,10
39.09,27.62,2.4,10
15.8,146.1,4.4,55
43.15,-0.01,4.1,28
-1.66,134.5,4.5,33
38.97,27.25,2.6,10
38.21,30.9,4,10
59.67,-152.22,0.3,70
38.92,16.65,0.9,33
39.22,16.36,1.1,10
37.02,-118.34,3.1,2
-7.73,-74.41,5,162
-30.91,-69.92,0.6,120
-24.89,-13.58,4.6,10
-11.87,114.24,0.9,33
15.07,-60.56,3.1,31
59.81,-151.86,0.8,61
37.89,12.77,0.4,10
-16.58,-173.52,5,93
24.03,122.69,4.1,10
40.27,27.35,2.9,10
57.38,-150.38,0.3,0
-24.17,-179.73,5,537
25.72,94.93,0.9,75
-35.14,-16.43,5.6,10
39.11,27.58,2.4,10
1.49,99.03,4.9,128
36.18,-120.18,2.5,4
32.76,26.02,0.8,33
-17.14,-178.96,4.3,522
41.11,23.55,0.7,10
41.42,29.35,2.6,10
38.07,21.75,3.2,10
-8.74,124.07,4.8,49
63.3,-24.15,4.7,5
39.76,27.88,2.2,10
44.38,7.32,1.6,10
-20.74,33.43,4.2,10
49.18,6.8,0.9,10
39.03,71.43,5.6,51
40.88,89.07,5.1,22
34.94,11.35,3.8,10
-27.92,-66.68,4.5,174
39.66,70.82,4,33
-17.5,167.98,5.3,33
63.06,-24.21,4.3,10
-37.94,177.25,4.8,157
-32.7,-69.69,0.6,28
40.47,28.19,2.4,10
5.88,92.07,4.6,35
52.23,-166.26,4.3,33
34.45,-106.86,3.1,8
61.87,4.92,2.1,10
40.47,29.25,0.5,10
10.91,-61.88,0.5,33
35.85,35.87,0.5,10
39.39,27.72,0.9,10
44.39,7.41,0.9,10
43.21,19.01,3,10
39.2,20.09,0.8,10
63.11,-150.39,0.6,101
43.4,8.02,0.3,10
61.7,-149.67,0.5,45
12.25,141.14,5.4,126
-7.38,128.5,4.7,140
3.91,97.46,6.8,48
15.02,122.04,4.9,22
61.56,-151.96,0.4,106
36.33,21.34,3.5,28
-20.99,-69.55,0.8,33
59.57,-150.91,0.6,39
41.53,23.74,3.1,10
48.44,157.04,4.5,33
39.26,29.24,2.6,10
10.54,-61.83,3.1,33
-7.29,145.32,4.6,49
47.81,-1.31,2,10
13.2,51.32,4.6,10
39.49,-111.07,3,3
36.26,-89.54,2.7,5
15.38,147.45,4.8,76
44.31,6.78,2.2,10
39.13,27.63,2.8,10
44.03,11.72,0.4,10
35.19,133.4,4.6,10
44.13,20.72,2.9,11
18.5,-95.79,0.8,10
43.49,12.69,1,10
43.69,16.28,0.6,10
35.2,27.8,3.7,10
37.59,71.17,3.9,33
13.8,145.1,4.9,33
-3.63,135.6,0.9,33
45.96,14.24,2.1,10
32.03,-114.92,2.7,6
45.74,27.06,1.1,10
44.18,8.38,2.9,10
39.84,28.86,0.3,10
37.09,-5.61,1.9,10
-26.68,131.55,3.9,10
39.03,29.57,2.6,10
44.58,6.99,2.4,10
44.47,7.31,2,10
45.94,6.8,2.5,5
40.27,27.56,2.3,10
39.01,-115.32,3.3,10
40.07,16.17,0.6,10
39.25,28.16,3.2,10
27.98,55.22,4.3,60
40.08,19.99,3.4,5
36.69,71.05,3.7,189
-5.76,146.82,4.9,33
-20.14,-177.47,5,376
41.13,20.5,3.3,94
38.68,23.07,3.6,10
42.05,12.99,0.4,10
-18.93,-72.9,3.8,33
-5.91,142.5,5.4,33
66.03,-147.49,4.5,33
40.05,24.17,2.6,10
-31.83,-69.36,0.4,130
10.99,-60.94,3.7,33
28.01,139.99,4,404
10.97,-62.2,3,80
37.8,27.17,3,10
37.76,15.05,0.9,10
63.01,-150.65,1,99
37.28,15.45,4.5,25
2.3,97.14,4.8,33
42.85,17.82,3.8,10
45.95,15.04,2.3,10
41.14,28.43,2.4,5
44.3,7.17,1.9,10
-42.55,-16.14,5.4,10
62.94,-151.32,0.3,101
31.16,138.3,4.1,390
10.79,-85.88,4.9,23
46.06,6.79,2.6,10
59.9,-152.21,0.6,88
-32,-69.4,0.8,130
41.05,22.34,2.9,10
34.53,-116.82,2.6,6
40.96,22.35,3.1,10
51.6,-176.06,0.7,33
36.54,71.05,5,170
-32.7,-69.65,5.3,116
35.77,73.66,4.6,33
41.03,22.38,3.5,10
41.08,22.46,0.9,10
41.06,22.39,1,10
45.38,15.36,2.8,5
40.95,22.32,0.8,14
41.03,22.34,0.9,10
41.07,22.36,1,10
39.17,27.95,2.4,10
40.72,29.69,2.2,10
41.03,22.45,2.8,14
41.12,22.38,0.8,10
39.62,26.22,3.6,10
41.04,22.36,1,10
41.05,22.46,0.4,10
24.04,121.64,4.3,33
40.97,22.41,0.3,10
-14.68,-72.62,3.7,98
36.05,-119.98,2.6,6
63.25,-151.43,0.9,88
-0.1,123.03,5.3,192
26.65,54.76,4.3,33
7.26,126.92,4.7,62
39.26,29.29,2.4,10
40.46,28.81,2.5,10
71.43,-8.32,0.3,10
23.94,121.86,5.2,10
38.58,30.27,3.1,10
47.58,-72.56,4.4,18
40.84,23,0.9,10
40.99,22.51,0.3,10
-3.2,38.18,4.2,10
-21.76,-68.91,0.3,33
58.69,-136.59,0.5,9
39.2,-119.72,2.3,2
39.21,-119.73,3.8,3
60.62,-149.37,0.5,19
40.25,27.95,2.6,10
44.48,148.96,4.5,33
40.09,28.75,2.6,10
41.06,22.23,0.2,10
43.25,18.98,2.4,10
40.69,28.56,4,19
44.03,11.94,0.8,25
33.25,-116.25,2.8,6
43.33,17.52,3.8,10
-5.42,151.88,4.8,54
30.86,57.47,4.3,33
44.67,141.69,4.2,226
38.37,22.08,3.7,5
39.37,27.98,2.4,10
37.19,-3.63,2.2,10
-5.47,151.93,5.2,53
38.44,21.81,3.1,5
37.05,29.49,3.8,10
-5.46,151.95,5,33
42.36,24.13,2.9,10
40.53,22.55,2.9,10
39.29,15.26,3.9,295
-30.62,117.01,1,10
4.21,-77.72,3.5,33
37.1,29.56,4.8,10
37.04,29.47,1.1,10
4.21,-76.87,2.6,33
-18.23,-178.03,5,590
4.94,-76.81,3.4,26
43.84,11.87,4.1,21
59.63,-152.81,0.8,100
6.81,-72.99,4.5,158
2.39,-76.36,3.4,10
44.31,7.33,2.3,10
38.3,141.77,4.9,62
59.71,-146.84,3.7,37
23.69,-108.88,5.2,10
61.98,-148.93,0.8,15
-1.5,134.58,4.6,33
43.49,-0.62,2,10
-58.26,-25.33,5.1,33
14.96,147.62,4.1,33
37.07,29.52,3.1,10
41.26,23.18,2,10
42.92,0.12,2.5,5
4.84,-76.09,2.9,90
41.5,141.43,4.5,84
48.69,-1.54,2.1,10
40.62,23.33,2.7,10
-21.24,170.03,5.8,78
39.39,28.04,2.8,10
-24.44,-67.07,4,160
4.71,-76.23,4.9,117
15.97,-60.96,2.1,33
-20.31,168.02,4.3,33
1.39,-78.94,4.4,25
3.23,-76.57,3,48
23.13,142.25,4.9,144
39.86,30.21,3.3,10
2.27,126.72,5.4,54
39.28,22.92,3.2,10
8.57,-75.07,0.6,94
41.87,20.39,2.1,10
62.58,-150.9,0.5,81
17.11,-60.72,3,10
42.12,13.27,4.1,28
-16.02,-174.1,4.3,133
61.88,-159.32,4.1,33
26.83,-44.56,4.9,10
-10.77,164.28,5.3,33
26.64,-44.56,4.4,10
26.78,-44.56,4.8,10
59.83,-152.97,0.8,89
63.11,-150.44,1,109
-33.55,-72.31,1.1,10
59.85,-152.65,3.1,88
-6.62,155.83,4.8,228
3.04,128.32,4.8,72
38.6,14.26,0.8,10
43.31,19.01,2.9,10
39.5,-122.94,3,3
-57.07,-141.11,5,10
59.79,-152.93,1.1,101
11.83,-87.21,4.4,33
44.75,6.6,2.6,10
37.03,29.44,3.3,10
-33.44,-72.24,0.9,10
17.72,-61.64,5.1,41
45.96,2.78,2,10
35.61,26.62,3.9,9
-31.29,-67.97,0.5,10
59.77,-153.5,0.3,123
-4.62,144.97,4.9,123
44.88,7.68,1.8,10
-23.17,-179.32,4.5,601
-40.57,174.01,0.8,132
38.68,70.23,4.9,33
-30.64,-72.07,4.8,53
46.29,2.72,1.9,10
16.27,-61.37,1.7,10
36.76,71.14,4.3,190
59.59,-152.78,0.6,83
39.13,27.7,0.4,5
58.7,-142.38,0.4,10
-29.41,-71.4,0.4,140
-33.15,-72.1,0.9,10
-32.98,-179.34,5.6,33
59.81,6.47,2.5,10
-4.42,-80.59,4.7,62
39.11,28.01,1,10
-6.28,154.7,5.8,44
29.7,-113.8,0.5,10
41.1,20.21,2.8,10
29.7,-113.8,0.4,10
32.44,49.56,4,61
17.32,121.31,4.8,33
40.72,15.25,0.3,10
23.85,121.68,3.8,10
44.24,8.41,2.2,10
14.41,-60.6,3.2,21
35.51,27.19,3.8,33
39.69,28.93,3.2,10
-19.76,-69.82,4,99
39.85,28.04,2.6,10
46.49,2.95,3,10
6.84,-72.97,4.8,163
43.44,5.47,2.8,11
0.53,126.65,4.9,120
51.17,15.74,0.6,10
-10.76,161.18,0.6,79
39.18,-3.06,2,10
42.43,19.74,2.4,10
16.34,-61.39,1.7,33
8.99,126.73,4.9,33
-34.16,-71.16,4.7,78
41.89,13.24,0.5,10
44,148.67,4.1,33
-30.59,-68.47,0.2,33
37.25,-114.29,3.5,10
44.05,7.67,3.7,10
43.92,12.64,0.4,33
39.24,20.95,2.9,10
36.68,25.47,3.5,10
38.97,30.09,3,10
18.91,-64.48,0.7,33
17.63,-61.86,3.2,10
40.82,29.25,2.4,10
51.69,16.36,3.8,10
33.69,34.51,3.3,10
42.09,20.37,3.1,10
-7.11,129.73,4.9,133
24.09,121.81,4.4,34
-9.19,124.32,4.4,84
-5.6,103.16,4.9,41
23.92,121.73,5,18
40.61,29.05,1,10
16.36,120.39,4.1,10
42.21,18.36,1.9,10
36.33,-120.93,3.4,11
35.73,137.46,4.6,249
44.63,2.42,2.3,10
42.76,19.28,1.4,10
24.56,123.18,4.8,31
41.99,24.29,3.3,10
60.83,167.06,5.9,10
-24.54,-69.9,5.5,55
61.12,166.6,4.9,10
35.66,0.42,4,10
60.94,-150.75,0.3,41
-3.79,144.4,5.2,26
33.77,135.55,3.6,423
37.01,30.99,5.1,112
40.65,29.08,0.2,10
37.36,30.05,0.6,10
37.21,-122.1,1.5,11
66.68,-147.14,3.1,29
40.83,27.89,1,10
39.27,20.48,3.8,10
-31.58,-69.1,0.9,100
16.94,-101.09,4.1,33
46.3,2.55,1.6,10
37.09,27.59,1,10
15.9,-93.85,0.9,33
42.54,24.08,3,10
24.64,120.43,3.6,33
47.63,-2.85,2.5,10
43.09,22.62,0.7,5
51.46,-178.04,4.6,33
18.62,-66.76,0.6,33
9.1,-70.14,4.8,37
41.15,28.78,0.9,10
37.65,-118.94,3.6,5
3.88,-73.73,3.4,102
37.67,-118.97,3,5
37.95,27.5,0.8,10
37.66,-118.94,2.3,5
37.64,-118.95,3.7,4
40.34,139.05,4,35
41.44,11.57,3.9,17
15.39,-60.78,2.4,28
38.15,27.42,0.4,10
5.68,126.94,4.3,160
70.99,-5.97,3.1,10
-7.89,128.63,3.8,143
59.93,-152.37,1.1,98
-33.08,-71.82,0.5,25
51.13,15.9,0.8,10
-16.55,-172.59,5.3,33
16.96,-94.2,4.6,146
39.88,143.62,4.8,28
42.42,19.29,2.1,10
40.51,22.73,0.9,10
36.32,141.98,4.7,26
41.95,23.21,0.8,10
39.31,20.77,0.4,10
60.42,-152.25,2.8,100
15.47,-98.13,3.2,45
-5.81,-77.34,5.5,24
-17.96,-178.73,4.8,657
44.77,7.61,2.4,10
41.93,20.49,3,10
-5.95,-77.52,4.8,33
37.6,68.78,4.2,33
-5.89,-76.98,4.4,33
44.19,10.71,0.6,10
41.07,16.28,0.5,10
-33.44,-71.36,0.9,10
-59.27,149.19,5,10
-7.14,-80.72,5,33
37.39,72.05,4.7,98
40.06,22.36,1,10
41.14,23.87,2.3,10
40.74,29.2,2.5,10
27.61,56.51,4.7,47
51.31,15.88,1.1,10
13.06,-88.32,5,67
36.97,29.43,3.2,10
18.95,-65.9,0.7,33
49.14,6.86,2.9,7
46.76,5.7,3.3,3
62.89,-148.73,1.1,73
-20.87,-176.3,4.3,233
-5.78,-76.9,4.8,27
59.98,-152.8,0.6,93
42.87,18.72,2.5,10
23.45,102.69,3.9,10
38.04,26.99,2.9,10
39.23,26.55,4.4,5
60.5,-153,0.9,141
36.26,71.15,4.2,49
-54.68,143.34,5.1,10
44.59,7.23,1.4,10
24.04,121.68,1.1,10
39.62,29.46,2.8,10
44.96,6.98,2.2,10
37.43,-121.7,4.2,5
37.73,14.93,0.9,23
36.58,71.38,4.3,69
45.09,6.98,1.7,10
-31.44,-68.56,0.9,88
9.77,-83.63,4.7,10
-12.7,119.67,3.4,33
31.81,104.54,4.7,33
-30.04,-177.66,5.4,60
47.25,6.38,3,11
43.23,20.76,2.9,10
43.19,-127.49,0.6,9
39.27,22.93,3,10
-31.64,-68.63,0.3,96
69.99,-156.1,3.5,33
-18.58,169.76,4.6,304
9.99,-83.19,4.8,10
35.51,35.46,3.5,10
-8.11,128.11,4.7,78
47.07,9.16,2.5,10
59.88,-152.66,0.5,94
42.51,43.82,4.3,10
42.71,43.31,3.8,10
44.11,19.07,4.8,19
39.21,29.58,2.7,10
-12.27,166.94,4.5,292
62.55,-151.3,1.1,92
11.23,-61.23,3.3,33
-13.97,170.67,5,26
43.11,-0.62,1,10
-21.03,-178.89,4.9,613
41.15,28.45,2.5,10
-32.53,-69.88,0.8,140
61.96,-151.88,0.6,98
61.94,-150.7,2.6,4
41.16,28.53,2.9,10
41.12,22.38,1.9,10
10.5,125.44,4.9,84
37.95,20.86,3.5,10
17.76,-65.05,3.6,62
37.63,15.09,3.1,10
40.48,-124.71,3.1,15
37.58,-2.43,2.7,10
46.89,6.59,3,10
44.01,19.17,2.5,10
41.24,29.3,2.7,10
37.74,29.28,3.3,10
47.08,6.8,2.3,10
39.71,27.8,3,10
56.04,161.54,4.7,33
40,28.11,2.5,10
0.01,-77.37,4.4,67
37.54,-2.33,3.3,10
40.48,23.5,2,5
41.03,22.4,2.5,10
-32.18,-71.39,4.5,79
-32.99,-72.09,0.3,22
44.38,7.35,1.7,10
44.87,7.63,2.4,14
23.76,124.09,3.5,33
44.28,9.91,2.6,10
61.81,4.79,2,30
62.84,-150.56,1,99
59.41,-152.94,0.2,82
38.9,26.02,4,20
-5.41,145.1,4,33
40.71,27.35,2.7,10
-31.37,-68.6,0.6,112
58.39,-155.1,2.6,0
40.99,22.51,1.2,10
41.16,20.51,2.7,10
45.69,26.44,0.4,120
34.81,139.76,4.8,116
40.54,24.33,0.3,10
50.41,5.95,1.6,10
-23.47,-68.11,4.1,97
44.37,11.9,0.7,10
63.23,-150.9,2.6,13
39.04,20.94,3,10
38.38,21.92,3.1,10
61.83,-152.08,3.4,100
51.49,15.75,3.9,10
36.45,-120.63,2.9,20
43.06,-0.23,1,10
2.65,122.12,5,584
46.35,1.85,2.5,10
27.41,55.79,5.7,24
60.47,-151.04,3.3,45
49.09,6.93,2.3,10
44.99,7.16,2.4,10
46.26,8.77,1.1,10
36.9,-121.67,2.7,9
40.75,21.34,0.3,10
60.54,-152.78,2.6,6
39.66,118.46,4.6,12
-3.24,98.38,5.2,26
-31.44,-68.78,0.3,114
39.81,29.36,2.9,10
39.99,28.97,2.9,10
58.72,-143.57,4.7,10
41.27,19.94,2.8,10
-24.13,-66.85,4.6,187
-33.75,-72.49,0.6,10
37.13,-121.99,3.1,12
39.02,23.45,1.9,5
40.69,26.57,3.2,10
44.33,7.25,2.1,10
40.6,42.99,3.7,10
61.86,-147.37,2.8,37
51.32,16.11,0.8,10
39.17,27.46,2.8,10
38.33,16.49,3.9,92
-20.4,-68.88,4.9,133
40.19,23.42,0.9,10
37.13,-4.93,3.5,5
36,21.49,3.8,49
52.52,160.63,5,33
60.26,-152.19,0.7,86
39.4,23.5,0.3,10
32.23,-115.59,3.2,6
46.25,12.9,3,10
-2.38,136.33,4.1,33
58.33,163.2,5.2,33
15.56,-60.5,2.6,33
42.79,143.33,5.8,109
40.62,15.39,0.5,10
2.97,126.47,4.9,33
43.08,-0.37,1,10
49.15,6.93,2.5,10
47.95,152.84,4.6,98
60.07,-152.41,0.6,81
41.62,19.7,3.1,10
15.05,120.57,5,10
38.85,17.1,3.9,11
39.66,23.16,1.1,10
39.24,23.78,0.7,10
60.98,-146.94,3.4,20
37.87,27.26,3.4,10
39.01,23.38,0.7,10
39.69,118.39,3.3,10
38.43,21.8,4.9,10
51.7,173.54,4.1,33
-23.83,-66.58,0.9,200
57.75,-151.9,2.6,0
-6.02,151.44,4.7,33
17.66,-61.65,3.3,25
13.48,-89.69,4.8,69
-9.05,-74.85,4.5,146
49.13,6.8,2.5,10
1.27,123.07,4.8,33
46.41,13.54,2.6,10
-17.73,-67.42,3.5,260
46.93,-120.34,2.6,4
42.72,18.27,2.5,10
45.51,14.29,2.4,10
51.22,-178.62,5.3,33
38.91,20.3,4.1,5
42.64,12.91,0.9,10
16.62,-98.96,0.4,115
63.17,-150.47,3.2,114
37.03,27.75,3.5,10
17.29,-61.82,3.1,17
51.24,15.93,0.3,10
6.77,-73.01,4.6,157
-19.62,-71.63,0.6,33
39.76,16.49,0.3,10
44.6,6.9,2.1,10
72.96,12.31,5.4,10
15.27,120.52,4.7,26
41.51,14.63,0.3,10
37.63,-118.94,2.9,8
-15.08,-173.66,4.9,10
-8.44,111.02,5.3,114
-8.27,124.5,4,33
35.29,140.56,3.9,57
34.5,-118.56,4.1,11
-18.15,-175.37,4.9,265
42.57,13.25,0.6,10
41.38,20.98,3.2,10
-15.11,166.85,4.4,115
45.1,2.94,2.5,5
-9.07,124.89,4.6,33
-31.77,-68.56,0.9,33
14.33,121.07,4.8,33
38.99,29.83,3.5,10
6.01,-82.46,4.5,10
39.14,27.67,2.8,10
45.59,20.99,0.7,10
42.83,12.79,3.3,12
41.77,-125.81,3.7,10
40.67,30.52,3.2,10
47.23,-121.94,2.7,17
15.51,-98.27,0.3,33
37.89,14.32,0.6,29
45.43,21.13,4.1,10
-32.9,-70.86,0.7,114
19,119.6,4.2,33
14.49,-94,4.6,29
41.46,-0.74,2.9,10
40.03,19.39,0.7,10
44.89,22.41,5.7,11
-26.34,27.21,3.6,5
45.19,151.06,4.5,33
45.32,21.06,0.4,10
43.4,5.5,2.5,10
62.12,-150.39,2.5,8
43.65,10.88,0.9,10
61.55,-151.89,3.8,101
39.9,28.33,3.1,5
-6.63,147.24,4.2,56
43.78,10.28,0.8,10
30.33,94.84,4.8,24
39.3,27.8,2.5,10
39.83,23.45,0.8,10
39.28,27.8,2.9,10
12.71,123.38,4.7,22
43.12,13.28,0.3,10
47.46,-122.61,3.3,24
-20.02,133.83,0.4,5
40.27,29.19,2.6,10
-5.26,145.53,5,92
40.61,22.98,1.5,10
40.84,29.5,2.6,10
51.58,16.25,3.8,5
-2.09,128.05,5.2,26
-32.97,-71.49,1,33
59.8,-153.08,0.9,104
39.87,118.8,0.6,33
37.28,29.73,4.2,10
-21.41,-179.12,5,613
39.15,27.68,3,10
-33.49,-70.83,0.9,70
-60.49,-51.1,5,33
30.27,94.79,4.7,33
30.03,131.28,4.5,44
10.43,126.5,4.4,50
-33.64,-70.8,0.5,33
-1.16,-78.33,3.9,10
42.44,-8.62,2.9,10
43.06,-0.48,1,10
60.48,-152.39,1,102
36.6,-121.25,2.6,6
62.86,-149.7,1.1,76
-0.65,-81.21,0.4,33
4,95.48,4.7,33
39.84,19.42,3.3,10
43.07,13.49,0.8,10
81.44,-8.22,4.1,10
45.21,14.69,3.1,18
40.33,13.78,0.6,10
25.1,88.79,5,33
64.68,-148.71,2.8,17
65.28,-134.65,4.3,10
40.65,29.18,0.2,10
51.28,15.7,3.9,5
45.85,11.76,1.8,10
39.36,29.01,1.1,10
42.22,145.12,4.6,33
50.39,18.82,2,10
-6.99,147.03,4.5,55
6.79,-76.37,4.5,33
-3.1,130.41,4.8,33
-32.78,-71.44,0.2,55
-31.35,-68.94,0.4,121
3.13,-84.3,4.7,10
41.13,15.07,0.8,10
-45.83,-72.82,5,10
-45.71,-72.56,5.3,10
-45.81,-72.3,5.7,10
39.99,20.74,0.8,10
52.82,-170.79,5.3,104
41.1,22.08,2.2,10
-25.99,27.66,3.5,5
42.47,13.12,0.9,10
38.34,133.75,0.7,483
40.13,23.49,0.8,10
16.09,-97.74,0.5,33
58.17,-151.52,2.7,0
51.17,15.82,0.9,10
85.46,14.46,5,10
40.94,23.32,0.8,10
-4.09,149.77,4.7,33
-31.12,-70.59,0.6,152
37.96,14.75,0.9,10
37.84,15.02,0.3,10
37.91,15.13,0.6,10
37.29,-121.65,2.3,5
-26.27,27.23,3.5,5
-7.8,128.32,4.8,167
-19.53,-68.51,4.5,147
-13.69,167.68,5,33
39.62,27.86,0.5,10
-33.42,-72.32,0.4,23
-17.76,-115.9,4.7,10
36.78,-3.27,2.5,10
16.09,-60.73,2.5,42
43.94,12.46,0.4,10
-8.13,-79.21,0.3,33
5.75,94.2,4.1,52
-6.53,154.48,5,55
6.94,94.53,5.6,25
6.67,94.66,5,33
40.47,23.62,2.1,10
41.12,24.52,2.7,10
82.68,-8.79,4.4,10
17.49,145.93,4.8,192
-6.43,-12.97,4.7,10
42.61,0.22,3.2,10
44.29,8.43,2.6,5
42.56,23.93,2.9,10
44.88,12.67,3,10
16.1,-61.19,1,10
47.27,11.72,2.1,10
37.06,-8.79,3.3,33
38.41,22.2,3.4,10
45.41,26.84,3,27
-32.37,-71.71,1.1,23
4.47,-76.12,2.7,33
43.75,13.26,0.6,10
13.98,-89.81,0.9,10
37.21,-2.36,0.2,10
36.18,140.17,4.2,112
60.24,-150.73,2.5,48
62.87,4.81,2.4,10
6.19,94.83,5,29
-2.2,141.32,4.1,33
13.06,146.17,4.7,65
44.85,22.17,0.9,10
24.27,68.81,4.8,25
42.04,19.22,3.6,10
43.91,11.14,0.9,10
16.96,-98.79,0.3,33
45.36,21.28,3.2,10
34.02,-118.11,3.3,10
30.62,66.74,4.8,33
39.31,20.68,3.1,14
-17.88,-116.02,5.6,10
34.16,-117.33,3.2,9
36.79,71.48,4.8,107
-5.23,145.76,4.9,44
-30.98,-177.15,5.1,33
36.2,-5.99,0.7,10
39.33,16.47,0.2,10
40.64,22.98,2.4,5
50.38,6.1,0.6,10
39.29,21.75,3,10
3.78,-76.98,3.1,33
63.07,-151.23,3.2,13
40.29,-124.53,3.3,6
45.57,9.73,3.2,10
61.34,4.03,1.6,10
43.47,12.48,0.8,10
50.46,-179.14,4.4,33
23.85,114.49,4.2,33
44.2,12,0.8,10
6.93,-73.11,4.3,157
4.21,-76.97,2.7,33
64.73,21.43,3.5,10
37.7,14.97,2.9,11
45.36,7.38,2.2,10
34.44,32.18,3.9,10
-10.74,165.05,4.4,33
-33.69,179.63,5,199
37.99,16.03,3.9,11
40.46,29.05,0.3,10
39.17,21.72,0.2,5
46.77,152.44,4.9,33
35.9,53.33,0.6,10
60.87,-147.26,2.7,22
15.68,-61.78,0.8,147
51.53,16.23,3.3,10
39.63,16.48,1,10
-27.56,147.72,4,10
-20.88,-178.59,7,566
40.42,27.49,0.8,10
-18.54,176.46,4.8,13
31.78,50.24,0.5,33
36.98,-121.95,2.5,8
40.26,29.36,0.4,10
44.36,7.36,2.3,10
40.81,22.89,2.5,10
-10.15,160.87,5.1,45
-5.57,145.54,4.7,126
43.92,7.49,3,10
-16.85,168.16,5.6,15
59.86,-151.76,2.6,61
46.28,13.34,2.5,10
10.14,126.27,4.4,33
33.95,-117.61,2.5,5
43.95,11.72,0.4,10
37.53,72.32,4.4,177
40.64,19.83,2.4,10
41.19,23.2,1,10
19.26,144.73,4.8,49
42.82,-127.34,1,10
36.87,-121.63,2.7,8
38.6,15.62,0.6,10
37.23,-3.76,2.8,5
36.47,-121.15,2.4,9
36.52,31.07,4,10
14.64,-60.28,2.8,33
45.94,7.62,3.6,5
2.91,-74.79,4.1,33
42.3,19.45,2,10
3.26,-77.12,3.2,80
58.22,-142.89,4.4,10
33.89,-116.17,3.6,4
-7.03,130.12,5,139
-1.8,134.1,4.8,33
-34.31,-70.82,0.6,80
2.48,-76.99,4.1,90
-31.8,-67.33,0.8,124
3.87,-76.77,3.1,33
39.72,22.29,0.7,10
39.72,22.17,0.9,10
36.92,27.57,0.5,10
3.66,-77.04,2.4,33
15.72,-60.74,3.5,10
-5.34,135.38,4.7,33
43.05,17.82,3.1,10
53.69,-167.14,5.5,33
53.74,-167.23,5.2,33
16.87,94.64,4.4,33
18.3,-76.5,1.8,10
30.9,78.83,4.5,33
59.71,-153.08,0.5,97
59.34,-151.95,3,60
-2.59,125.84,4.9,33
23.29,125.63,4.4,45
45.11,14.95,2.8,10
41.1,23.85,2.1,10
6.76,-72.98,4.4,157
37.1,-3.73,2.9,10
38.65,73.73,4.7,33
51.25,178.38,5.2,33
23.02,121.42,4.2,10
46.51,9.1,0.6,10
35.81,-121.32,2.7,4
43.75,7.62,2.5,10
48.79,154.86,4.7,33
4.23,-76.78,3.9,75
44.15,12.16,0.7,10
44.09,12.16,0.5,10
15.63,-60.85,2,33
35.96,141.38,5.2,28
61.61,-150.58,2.7,12
-5.6,152.12,5.3,49
44.05,12.11,0.6,10
43.99,12.11,0.5,5
60.03,-152.93,0.4,110
38.74,27.68,0.3,10
44.19,12.19,3.3,10
-32.58,-70.38,0.5,114
43.36,-0.75,2.5,10
42.4,19.11,1.7,10
31.44,140.21,5.2,19
44.5,7.34,1.6,10
45.49,9.49,3.2,21
-6.24,146.44,5.8,105
61.68,-149.96,2.5,39
39.17,27.48,1,10
39.2,21.44,0.8,10
39.01,21.61,0.9,33
40.27,23.1,0.8,10
-33.47,-70.6,3.2,80
-5.08,148.6,4.9,17
39.31,44.94,4.3,33
36.06,70.31,4.4,59
-19.86,34.11,3.4,33
35.56,28.43,4,10
30.75,50.08,5.1,33
25.4,-109.76,4.6,19
-19.22,41.85,4.5,33
39.14,27.63,1,10
40.41,-107.54,2.6,5
43.46,5.46,2.7,5
44.19,11.86,0.8,10
-30.55,-71.31,4,70
51.86,179.99,4.6,146
-3.82,151.4,4.9,33
38.71,26.34,0.8,10
43.26,18.94,1.9,10
-31.32,-68.21,0.4,33
33.87,-117.44,2.8,5
-56.12,-123.37,5.6,10
4.66,-77.4,4,30
-32.81,-71.68,4.8,53
43.09,-1.16,1.1,10
11.6,-87.73,4.5,33
-10.17,108.83,4.5,33
49.94,7.28,2.6,10
-10,124.02,4.3,104
43.86,12.05,0.6,10
-22.27,174.15,4.1,33
-16.63,174.14,4.8,33
43.05,18.81,1.4,10
46.7,9.39,2.4,10
43.01,18.75,1.4,10
4.85,-77.58,4.1,31
-28.51,-176.12,5.1,33
42.53,1.23,1.2,10
-5.02,150.89,4.5,173
35.47,141.35,4.5,33
42.96,18.29,1.7,10
43.03,18.75,1.7,10
-22.34,-12.69,4.9,10
-7.96,118.71,4.8,180
44.46,8.59,1.7,5
6.34,-72.32,1,33
40.97,25.68,2.5,5
-2.34,152.68,4.5,33
-4.61,-105.51,4.5,10
48.27,18.73,3.4,10
-31.93,138.03,3.3,33
4.86,-77.52,4.1,33
43.5,13.36,0.8,10
