index,x,y,a1,a2
0,39.14732,-77.22653,6,0,
0,39.15078,-77.23584,6,0,
0,39.15297,-77.22697,8,0,
0,39.15343,-77.23086,6,0,
0,39.15898,-77.22453,6,0,
0,39.16058,-77.22308,6,0,
1,39.19188,-77.23652,6,0,
1,39.19245,-77.24002,6,0,
1,39.20056,-77.23857,6,0,
1,39.20057,-77.23854,6,0,
1,39.20708,-77.23278,10,0,
2,39.16464,-77.19705,6,0,
2,39.16848,-77.19779,6,0,
2,39.16974,-77.20438,6,0,
2,39.16992,-77.2055,6,0,
2,39.17235,-77.20844,6,0,
2,39.17414,-77.2083,18,0,
2,39.17621,-77.21309,6,0,
2,39.17636,-77.21137,6,0,
2,39.17694,-77.21006,18,0,
2,39.17981,-77.21167,6,0,
2,39.18343,-77.21382,6,0,
3,39.17373,-77.24577,28,0,
3,39.17996,-77.2505,28,0,
3,39.18365,-77.25259,28,0,
3,39.18408,-77.25423,18,0,
3,39.18436,-77.25479,28,0,
3,39.18859,-77.25155,28,0,
3,39.1887,-77.25836,28,0,
4,39.16246,-77.21167,6,0,
4,39.16683,-77.20795,18,0,
4,39.16692,-77.20815,18,0,
4,39.16805,-77.20832,18,0,
5,39.16207,-77.25659,6,0,
5,39.16366,-77.26022,2941,0,
5,39.16564,-77.25769,6,0,
5,39.16566,-77.2521,2942,0,
5,39.16672,-77.2593,6,0,
5,39.16808,-77.25772,6,0,
6,39.1655,-77.2061,29,0,
6,39.16683,-77.20795,18,0,
6,39.16692,-77.20815,18,0,
7,39.17453,-77.20367,6,0,
7,39.17492,-77.20551,6,0,
7,39.17507,-77.20423,2942,0,
8,39.16348,-77.20323,6,0,
8,39.16476,-77.20519,6,0,
8,39.16544,-77.2047,18,0,
8,39.1655,-77.2061,29,0,
8,39.16848,-77.19779,6,0,
8,39.16974,-77.20438,6,0,
9,39.16974,-77.20438,6,0,
9,39.17086,-77.20399,24,0,
9,39.17268,-77.20366,6,0,
10,39.17799,-77.26171,15,0,
10,39.17888,-77.26176,18,0,
10,39.18117,-77.2624,18,0,
11,39.17135,-77.19848,18,0,
11,39.17175,-77.19815,6,0,
11,39.17233,-77.19763,6,0,
12,39.16862,-77.26958,29,0,
12,39.16922,-77.26523,29,0,
12,39.17114,-77.26286,18,0,
12,39.1724,-77.26978,6,0,
12,39.17243,-77.26682,29,0,
12,39.17485,-77.26641,29,0,
13,39.20237,-77.2572,14,0,
13,39.203,-77.26025,6,0,
13,39.20328,-77.25767,6,0,
14,39.14169,-77.2177,28,0,
14,39.14197,-77.21754,2941,0,
14,39.14259,-77.22091,28,0,
15,39.14845,-77.20683,18,0,
15,39.14897,-77.20766,6,0,
15,39.15017,-77.20911,18,0,
16,39.15615,-77.26462,6,0,
16,39.15728,-77.263,14,0,
16,39.15769,-77.26349,14,0,
17,39.19359,-77.27007,28,0,
17,39.19737,-77.264,18,0,
17,39.19784,-77.26308,28,0,
18,39.14047,-77.20957,28,0,
18,39.14051,-77.21252,28,0,
18,39.14067,-77.21258,28,0,
19,39.14047,-77.20957,28,0,
19,39.14051,-77.21252,28,0,
19,39.14057,-77.2095,2941,0,
20,39.19359,-77.27007,28,0,
20,39.1936,-77.2702,18,0,
20,39.19737,-77.264,18,0,
21,39.14399,-77.20165,6,0,
21,39.14489,-77.20275,14,0,
21,39.14489,-77.20267,6,0,
22,39.12378,-77.22781,6,0,
22,39.12418,-77.22353,6,0,
22,39.13093,-77.22781,6,0,
22,39.13142,-77.23212,6,0,
22,39.13462,-77.2276,21,0,
23,39.18104,-77.28141,6,0,
23,39.18479,-77.27758,6,0,
23,39.18575,-77.28301,6,0,
23,39.18582,-77.28365,6,0,
23,39.18746,-77.27781,29,0,
24,39.14653,-77.19086,6,0,
24,39.15019,-77.19026,6,0,
24,39.15056,-77.19143,6,0,
24,39.15096,-77.18861,6,0,
24,39.15136,-77.19022,24,0,
25,39.15019,-77.19026,6,0,
25,39.15056,-77.19143,6,0,
25,39.15096,-77.18861,6,0,
25,39.15136,-77.19022,24,0,
25,39.1516,-77.18865,6,0,
25,39.15253,-77.19238,6,0,
25,39.15263,-77.18895,6,0,
26,39.14207,-77.18993,6,0,
26,39.14329,-77.18878,18,0,
26,39.14492,-77.18612,6,0,
26,39.14653,-77.19086,6,0,
27,39.18224,-77.17311,6,0,
27,39.18707,-77.18451,5,0,
27,39.18962,-77.17082,6,0,
27,39.19084,-77.18003,6,0,
27,39.19323,-77.17982,6,0,
28,39.21501,-77.25119,6,0,
28,39.22406,-77.24312,6,0,
28,39.22607,-77.24725,6,0,
28,39.22744,-77.25214,6,0,
28,39.23045,-77.24477,2942,0,
29,39.22406,-77.24312,6,0,
29,39.22607,-77.24725,6,0,
29,39.23045,-77.24477,2942,0,
29,39.23191,-77.24564,6,0,
29,39.23233,-77.243,6,0,
30,39.22283,-77.25517,7,0,
30,39.22512,-77.25336,6,0,
30,39.22573,-77.25278,6,0,
31,39.16171,-77.18589,6,0,
31,39.16334,-77.181,6,0,
31,39.16364,-77.18031,6,0,
32,39.16311,-77.17882,18,0,
32,39.16334,-77.181,6,0,
32,39.16364,-77.18031,6,0,
32,39.16624,-77.18054,6,0,
33,39.22512,-77.25336,6,0,
33,39.22573,-77.25278,6,0,
33,39.22744,-77.25214,6,0,
34,39.19084,-77.18003,6,0,
34,39.19323,-77.17982,6,0,
34,39.19605,-77.1813,10,0,
35,39.18224,-77.17311,6,0,
35,39.18395,-77.16084,6,0,
35,39.18962,-77.17082,6,0,
35,39.19047,-77.15941,8,0,
35,39.19084,-77.18003,6,0,
35,39.20189,-77.16505,2942,0,
36,39.22573,-77.25278,6,0,
36,39.22607,-77.24725,6,0,
36,39.22744,-77.25214,6,0,
36,39.22872,-77.25207,29,0,
37,39.1444,-77.18508,14,0,
37,39.14478,-77.18599,14,0,
37,39.14492,-77.18612,6,0,
38,39.11494,-77.24342,2941,0,
38,39.11707,-77.23612,14,0,
38,39.11901,-77.23896,14,0,
38,39.12089,-77.23558,14,0,
38,39.12115,-77.24334,6,0,
38,39.12402,-77.24027,14,0,
39,39.22744,-77.25214,6,0,
39,39.22872,-77.25207,29,0,
39,39.23087,-77.25483,6,0,
39,39.23191,-77.24564,6,0,
40,39.11697,-77.24961,14,0,
40,39.11854,-77.24881,14,0,
40,39.12013,-77.24763,26,0,
41,39.1727,-77.28984,6,0,
41,39.17295,-77.28802,29,0,
41,39.1734,-77.29156,6,0,
42,39.1162,-77.21024,18,0,
42,39.11892,-77.21053,6,0,
42,39.12296,-77.2116,6,0,
43,39.12829,-77.19434,4,0,
43,39.1289,-77.19237,21,0,
43,39.12895,-77.19235,21,0,
44,39.10911,-77.22101,10,0,
44,39.10969,-77.22155,10,0,
44,39.11103,-77.22359,10,0,
44,39.11469,-77.21991,2942,0,
45,39.11618,-77.20696,18,0,
45,39.1162,-77.21024,18,0,
45,39.11627,-77.20937,2941,0,
46,39.16073,-77.16573,6,0,
46,39.16217,-77.16066,6,0,
46,39.16253,-77.16576,7,0,
46,39.16467,-77.16911,6,0,
46,39.16637,-77.16717,6,0,
47,39.12887,-77.16758,6,0,
47,39.12971,-77.17453,8,0,
47,39.13764,-77.17034,6,0,
47,39.13872,-77.17039,6,0,
48,39.10503,-77.23947,6,0,
48,39.10677,-77.24241,6,0,
48,39.10765,-77.24107,6,0,
48,39.10866,-77.23936,14,0,
48,39.11153,-77.24352,6,0,
49,39.10503,-77.23947,6,0,
49,39.10677,-77.24703,29,0,
49,39.10677,-77.24241,6,0,
49,39.10765,-77.24107,6,0,
50,39.15138,-77.29457,5,0,
50,39.15146,-77.29455,10,0,
50,39.15402,-77.2943,10,0,
51,39.15402,-77.2943,10,0,
51,39.15475,-77.29565,6,0,
51,39.15581,-77.30183,6,0,
51,39.15734,-77.29543,6,0,
52,39.15475,-77.29565,6,0,
52,39.15581,-77.30183,6,0,
52,39.15734,-77.29543,6,0,
52,39.15963,-77.29649,27,0,
53,39.15475,-77.29565,6,0,
53,39.15581,-77.30183,6,0,
53,39.15734,-77.29543,6,0,
53,39.15963,-77.29649,27,0,
53,39.15968,-77.3084,6,0,
53,39.16342,-77.30616,10,0,
54,39.10081,-77.24141,29,0,
54,39.10306,-77.23382,6,0,
54,39.10503,-77.23947,6,0,
54,39.10677,-77.24241,6,0,
54,39.10765,-77.24107,6,0,
54,39.10866,-77.23936,14,0,
55,39.1839,-77.16085,6,0,
55,39.18395,-77.16084,6,0,
55,39.18407,-77.15558,6,0,
55,39.18962,-77.17082,6,0,
55,39.19047,-77.15941,8,0,
56,39.15474,-77.16372,22,0,
56,39.15639,-77.16534,8,0,
56,39.1591,-77.16044,6,0,
56,39.1591,-77.16253,6,0,
56,39.16073,-77.16573,6,0,
56,39.16217,-77.16066,6,0,
57,39.13764,-77.17034,6,0,
57,39.13872,-77.17039,6,0,
57,39.14288,-77.16672,6,0,
57,39.14401,-77.17339,17,0,
58,39.15289,-77.15574,10,0,
58,39.15408,-77.16094,10,0,
58,39.1556,-77.15947,6,0,
58,39.1591,-77.16032,10,0,
59,39.1591,-77.16044,6,0,
59,39.1591,-77.16253,6,0,
59,39.1591,-77.16032,10,0,
60,39.13821,-77.16226,6,0,
60,39.13974,-77.16315,6,0,
60,39.14288,-77.16672,6,0,
60,39.14459,-77.16374,18,0,
61,39.16217,-77.16066,6,0,
61,39.16681,-77.15382,18,0,
61,39.16924,-77.15442,6,0,
62,39.11717,-77.16474,6,0,
62,39.12537,-77.17486,6,0,
62,39.12721,-77.15921,10,0,
62,39.12827,-77.15912,6,0,
62,39.12887,-77.16758,6,0,
62,39.12971,-77.17453,8,0,
62,39.13128,-77.15901,10,0,
62,39.13764,-77.17034,6,0,
62,39.13821,-77.16226,6,0,
63,39.15581,-77.30183,6,0,
63,39.15968,-77.3084,6,0,
63,39.16342,-77.30616,10,0,
63,39.16439,-77.30572,6,0,
64,39.12887,-77.16758,6,0,
64,39.13821,-77.16226,6,0,
64,39.13824,-77.16218,6,0,
64,39.13974,-77.16315,6,0,
65,39.11724,-77.17148,6,0,
65,39.11918,-77.17194,7,0,
65,39.12122,-77.17563,7,0,
66,39.09404,-77.19306,2942,0,
66,39.0968,-77.18678,6,0,
66,39.0994,-77.19239,6,0,
66,39.10125,-77.19537,29,0,
66,39.10351,-77.19071,6,0,
66,39.10416,-77.1923,6,0,
67,39.11457,-77.16441,6,0,
67,39.11566,-77.16616,14,0,
67,39.11646,-77.1602,6,0,
67,39.11717,-77.16474,6,0,
67,39.12887,-77.16758,6,0,
68,39.08946,-77.19006,6,0,
68,39.09211,-77.18829,6,0,
68,39.093,-77.19779,2941,0,
68,39.09404,-77.19306,2942,0,
68,39.0968,-77.18678,6,0,
68,39.0994,-77.19239,6,0,
69,39.14432,-77.14471,28,0,
69,39.14566,-77.14405,28,0,
69,39.14877,-77.14705,8,0,
70,39.08767,-77.18716,6,0,
70,39.08946,-77.19006,6,0,
70,39.09211,-77.18829,6,0,
70,39.09404,-77.19306,2942,0,
71,39.11295,-77.16454,21,0,
71,39.11362,-77.16557,6,0,
71,39.11437,-77.15988,6,0,
71,39.11457,-77.16441,6,0,
71,39.11566,-77.16616,14,0,
71,39.11646,-77.1602,6,0,
71,39.11717,-77.16474,6,0,
72,39.11437,-77.15988,6,0,
72,39.11457,-77.16441,6,0,
72,39.11646,-77.1602,6,0,
72,39.11717,-77.16474,6,0,
72,39.11927,-77.15692,21,0,
73,39.08767,-77.18716,6,0,
73,39.09196,-77.18119,28,0,
73,39.09211,-77.18829,6,0,
73,39.09644,-77.17513,6,0,
73,39.0968,-77.18678,6,0,
73,39.10223,-77.18015,28,0,
74,39.08767,-77.18716,6,0,
74,39.08946,-77.19006,6,0,
74,39.09196,-77.18119,28,0,
74,39.09211,-77.18829,6,0,
74,39.09404,-77.19306,2942,0,
74,39.0968,-77.18678,6,0,
75,39.10891,-77.16582,6,0,
75,39.112,-77.1616,6,0,
75,39.11295,-77.16454,21,0,
75,39.11362,-77.16557,6,0,
75,39.11457,-77.16441,6,0,
76,39.112,-77.1616,6,0,
76,39.11355,-77.15111,14,0,
76,39.11437,-77.15988,6,0,
76,39.11457,-77.16441,6,0,
76,39.11646,-77.1602,6,0,
77,39.10657,-77.15853,6,0,
77,39.10667,-77.15852,28,0,
77,39.10891,-77.16582,6,0,
77,39.112,-77.1616,6,0,
78,39.19675,-77.13907,10,0,
78,39.20333,-77.13849,10,0,
78,39.20703,-77.14131,14,0,
79,39.09229,-77.16656,10,0,
79,39.0938,-77.17231,29,0,
79,39.09454,-77.17272,29,0,
80,39.10149,-77.16112,6,0,
80,39.10375,-77.16216,6,0,
80,39.10431,-77.16537,29,0,
80,39.10657,-77.15853,6,0,
81,39.08622,-77.16311,6,0,
81,39.08681,-77.15641,6,0,
81,39.08903,-77.15789,18,0,
81,39.09031,-77.15615,6,0,
81,39.09219,-77.16273,6,0,
81,39.09344,-77.16145,6,0,
82,39.09084,-77.15369,6,0,
82,39.09206,-77.15329,6,0,
82,39.09309,-77.1534,22,0,
83,39.12432,-77.11568,2942,0,
83,39.1354,-77.12433,10,0,
83,39.13614,-77.13535,10,0,
83,39.14101,-77.11961,10,0,
84,39.20531,-77.05003,10,0,
84,39.21259,-77.13934,10,0,
84,39.24672,-77.11977,10,0,
84,39.24931,-77.1305,27,0,
85,39.0308,-77.20127,22,0,
85,39.03155,-77.20145,6,0,
85,39.04016,-77.19688,6,0,
86,39.31716,-77.20881,2942,0,
86,39.3223,-77.20996,2942,0,
87,39.07098,-77.13208,6,0,
87,39.07099,-77.12965,6,0,
87,39.07159,-77.13032,8,0,
87,39.07352,-77.13255,6,0,
88,39.03862,-77.16978,26,0,
88,39.04154,-77.16134,29,0,
88,39.04234,-77.16952,29,0,
88,39.04379,-77.17173,29,0,
89,39.05445,-77.14321,28,0,
89,39.055,-77.14347,14,0,
89,39.05558,-77.14941,28,0,
90,39.06825,-77.12943,28,0,
90,39.06921,-77.13036,6,0,
90,39.07098,-77.13208,6,0,
90,39.07099,-77.12965,6,0,
91,39.05394,-77.13793,28,0,
91,39.05445,-77.14321,28,0,
91,39.05512,-77.14159,14,0,
91,39.07143,-77.1413,28,0,
92,39.04154,-77.16134,29,0,
92,39.04412,-77.15874,6,0,
92,39.04594,-77.1609,29,0,
92,39.05061,-77.16398,29,0,
93,39.03998,-77.15734,10,0,
93,39.04072,-77.15906,10,0,
93,39.04113,-77.15972,10,0,
94,39.07496,-77.1155,6,0,
94,39.07549,-77.11723,8,0,
94,39.07597,-77.11852,6,0,
95,39.0643,-77.12615,6,0,
95,39.06508,-77.12669,6,0,
95,39.06727,-77.12852,14,0,
95,39.07009,-77.12272,6,0,
96,39.07274,-77.11578,24,0,
96,39.07354,-77.11576,6,0,
96,39.07496,-77.1155,6,0,
97,39.0233,-77.16239,18,0,
97,39.02777,-77.17079,6,0,
97,39.02917,-77.16776,6,0,
97,39.03056,-77.16319,6,0,
97,39.0325,-77.16643,6,0,
98,39.02917,-77.16776,6,0,
98,39.03003,-77.16069,2942,0,
98,39.03056,-77.16319,6,0,
98,39.0325,-77.16643,6,0,
99,39.00806,-77.21399,10,0,
99,39.0084,-77.21633,10,0,
99,39.00922,-77.22041,29,0,
100,39.14991,-77.0635,6,0,
100,39.15081,-77.06217,28,0,
100,39.15162,-77.0636,6,0,
100,39.1519,-77.06223,6,0,
100,39.15255,-77.06552,2942,0,
100,39.15425,-77.06431,6,0,
101,39.09921,-77.38593,6,0,
101,39.10373,-77.34982,6,0,
101,39.13412,-77.40235,28,0,
101,39.13722,-77.39526,6,0,
102,39.05116,-77.11532,6,0,
102,39.05315,-77.11667,6,0,
102,39.0532,-77.11353,6,0,
102,39.0533,-77.11183,18,0,
102,39.05603,-77.11366,6,0,
103,39.04951,-77.11429,6,0,
103,39.04993,-77.11719,14,0,
103,39.05116,-77.11532,6,0,
103,39.05315,-77.11667,6,0,
103,39.0532,-77.11353,6,0,
104,38.98907,-77.21481,10,0,
104,38.99398,-77.22104,10,0,
104,39.00565,-77.22366,5,0,
105,39.04337,-77.11341,6,0,
105,39.04371,-77.11791,6,0,
105,39.04484,-77.11172,29,0,
105,39.04497,-77.11461,6,0,
105,39.04903,-77.11697,22,0,
105,39.04951,-77.11429,6,0,
106,39.08042,-77.07648,6,0,
106,39.08381,-77.07765,6,0,
106,39.08388,-77.07784,10,0,
107,39.0159,-77.13329,6,0,
107,39.01983,-77.13441,29,0,
107,39.02208,-77.13491,6,0,
108,39.02246,-77.12353,10,0,
108,39.02417,-77.12475,10,0,
108,39.02489,-77.12532,6,0,
109,39.07755,-77.07084,6,0,
109,39.07833,-77.07192,18,0,
109,39.07853,-77.07441,6,0,
110,39.07061,-77.07101,6,0,
110,39.07076,-77.07278,18,0,
110,39.07228,-77.07249,6,0,
110,39.07645,-77.08064,10,0,
110,39.07755,-77.07084,6,0,
110,39.07853,-77.07441,6,0,
111,39.0202,-77.12472,10,0,
111,39.02079,-77.12229,6,0,
111,39.02246,-77.12353,10,0,
111,39.02417,-77.12475,10,0,
112,39.06994,-77.06651,18,0,
112,39.07061,-77.07101,6,0,
112,39.07245,-77.06813,6,0,
112,39.07317,-77.06549,6,0,
112,39.07755,-77.07084,6,0,
113,39.01994,-77.11369,6,0,
113,39.02264,-77.11369,14,0,
113,39.02594,-77.10776,6,0,
113,39.02916,-77.10998,6,0,
113,39.03114,-77.11368,6,0,
114,39.07061,-77.07101,6,0,
114,39.07076,-77.07278,18,0,
114,39.07228,-77.07249,6,0,
115,39.13847,-77.422,10,0,
115,39.13891,-77.41337,29,0,
115,39.14267,-77.42057,29,0,
116,39.05744,-77.08009,6,0,
116,39.05748,-77.07796,29,0,
116,39.05812,-77.08108,29,0,
117,39.09764,-77.04472,29,0,
117,39.10049,-77.04842,6,0,
117,39.10071,-77.04754,6,0,
117,39.1094,-77.04786,6,0,
118,39.10071,-77.04754,6,0,
118,39.10255,-77.04008,6,0,
118,39.10825,-77.05133,6,0,
118,39.1094,-77.04786,6,0,
118,39.11234,-77.03712,6,0,
118,39.11597,-77.0482,27,0,
119,39.03039,-77.0946,6,0,
119,39.03103,-77.09663,6,0,
119,39.03252,-77.09526,6,0,
119,39.03486,-77.09612,28,0,
120,39.00807,-77.12451,6,0,
120,39.00827,-77.11745,6,0,
120,39.0092,-77.11658,6,0,
120,39.01114,-77.11916,6,0,
120,39.01464,-77.12041,6,0,
120,39.01479,-77.11862,29,0,
121,39.00827,-77.11745,6,0,
121,39.0092,-77.11658,6,0,
121,39.0096,-77.11572,10,0,
121,39.01114,-77.11916,6,0,
122,39.03136,-77.08672,29,0,
122,39.03445,-77.08735,5,0,
122,39.03674,-77.08365,29,0,
123,39.00564,-77.11651,6,0,
123,39.00633,-77.11841,6,0,
123,39.00827,-77.11745,6,0,
123,39.0092,-77.11658,6,0,
123,39.01114,-77.11916,6,0,
124,39.00283,-77.11576,6,0,
124,39.00556,-77.11823,5,0,
124,39.00564,-77.11651,6,0,
124,39.00745,-77.11243,28,0,
124,39.00827,-77.11745,6,0,
124,39.00872,-77.11356,6,0,
125,39.00556,-77.11823,5,0,
125,39.00633,-77.11841,6,0,
125,39.00827,-77.11745,6,0,
126,39.00102,-77.12128,6,0,
126,39.00283,-77.11576,6,0,
126,39.00312,-77.12071,4,0,
126,39.00431,-77.12069,6,0,
127,39.00431,-77.12069,6,0,
127,39.00556,-77.11823,5,0,
127,39.00564,-77.11651,6,0,
127,39.00633,-77.11841,6,0,
128,39.00457,-77.11069,29,0,
128,39.00655,-77.11179,28,0,
128,39.00745,-77.11243,28,0,
129,39.0202,-77.08252,29,0,
129,39.02078,-77.08556,29,0,
129,39.02085,-77.08665,6,0,
130,39.03976,-77.07007,6,0,
130,39.04021,-77.07279,6,0,
130,39.04072,-77.07101,6,0,
130,39.0424,-77.07127,6,0,
131,38.97127,-77.13941,10,0,
131,38.97169,-77.14302,18,0,
131,38.97823,-77.15934,10,0,
132,39.03095,-77.07537,18,0,
132,39.03318,-77.07328,8,0,
132,39.03384,-77.07504,8,0,
132,39.0348,-77.07515,8,0,
133,38.99691,-77.09662,28,0,
133,38.99957,-77.09691,28,0,
133,39.00018,-77.10956,28,0,
133,39.00555,-77.0914,6,0,
133,39.00653,-77.09731,28,0,
134,39.05525,-77.05016,28,0,
134,39.05527,-77.05015,6,0,
134,39.0567,-77.04886,28,0,
134,39.05761,-77.05218,28,0,
135,39.04716,-77.05324,6,0,
135,39.04972,-77.05402,3,0,
135,39.04974,-77.05401,6,0,
136,39.04097,-77.05154,14,0,
136,39.04105,-77.05316,22,0,
136,39.0411,-77.05309,22,0,
136,39.04153,-77.05172,22,0,
137,39.04148,-77.04932,18,0,
137,39.0416,-77.05035,2,0,
137,39.04163,-77.0503,18,0,
137,39.04243,-77.05009,18,0,
138,39.04317,-77.04608,8,0,
138,39.04332,-77.04796,8,0,
138,39.04336,-77.04789,8,0,
138,39.04491,-77.04794,18,0,
139,39.02446,-77.05405,6,0,
139,39.02805,-77.05503,6,0,
139,39.02811,-77.05291,6,0,
139,39.02887,-77.05514,5,0,
140,39.04212,-77.04355,6,0,
140,39.04305,-77.04382,6,0,
140,39.04317,-77.04608,8,0,
140,39.0484,-77.04424,6,0,
141,39.06651,-77.03039,18,0,
141,39.06901,-77.02384,10,0,
141,39.06971,-77.02155,18,0,
142,38.98889,-77.09621,28,0,
142,38.98897,-77.09734,6,0,
142,38.98984,-77.09644,6,0,
142,38.98989,-77.09642,6,0,
143,38.98891,-77.09737,6,0,
143,38.98897,-77.09734,6,0,
143,38.98936,-77.09812,24,0,
143,38.98984,-77.09644,6,0,
144,39.00393,-77.07748,28,0,
144,39.00545,-77.07712,28,0,
144,39.00574,-77.07582,28,0,
144,39.00933,-77.08087,5,0,
145,39.02446,-77.05405,6,0,
145,39.02805,-77.05503,6,0,
145,39.02811,-77.05291,6,0,
145,39.02839,-77.04716,6,0,
145,39.0319,-77.05018,5,0,
146,38.99987,-77.07697,18,0,
146,39.00393,-77.07748,28,0,
146,39.00545,-77.07712,28,0,
147,39.02135,-77.05818,6,0,
147,39.02289,-77.0499,14,0,
147,39.02446,-77.05405,6,0,
147,39.02805,-77.05503,6,0,
147,39.02811,-77.05291,6,0,
148,38.9901,-77.08944,6,0,
148,38.99078,-77.08951,6,0,
148,38.99088,-77.0876,22,0,
149,39.01994,-77.05091,6,0,
149,39.02289,-77.0499,14,0,
149,39.02404,-77.04697,6,0,
149,39.02446,-77.05405,6,0,
150,38.98363,-77.09385,6,0,
150,38.9841,-77.09088,6,0,
150,38.98414,-77.09406,27,0,
150,38.98505,-77.09111,2941,0,
150,38.98529,-77.08932,6,0,
150,38.98712,-77.09158,6,0,
151,38.97995,-77.09304,6,0,
151,38.98096,-77.09571,6,0,
151,38.98101,-77.09512,6,0,
151,38.98129,-77.09275,6,0,
151,38.98225,-77.09319,29,0,
152,38.98046,-77.08562,6,0,
152,38.98279,-77.08997,29,0,
152,38.9841,-77.09088,6,0,
152,38.98439,-77.08884,6,0,
152,38.98529,-77.08932,6,0,
152,38.98594,-77.0868,22,0,
153,38.98046,-77.08562,6,0,
153,38.98129,-77.09275,6,0,
153,38.98225,-77.09319,29,0,
153,38.98279,-77.08997,29,0,
153,38.9841,-77.09088,6,0,
153,38.98439,-77.08884,6,0,
154,38.97132,-77.08949,6,0,
154,38.97718,-77.08958,28,0,
154,38.97721,-77.0907,6,0,
154,38.98046,-77.08562,6,0,
155,38.98412,-77.08324,6,0,
155,38.98447,-77.08556,6,0,
155,38.98457,-77.08471,5,0,
155,38.98526,-77.08363,6,0,
156,39.13871,-76.98799,6,0,
156,39.14222,-76.99006,2942,0,
156,39.14516,-76.99187,6,0,
157,39.02053,-77.04444,28,0,
157,39.02222,-77.0451,3,0,
157,39.02227,-77.04507,3,0,
158,38.98628,-77.07961,6,0,
158,38.98666,-77.08018,10,0,
158,38.98738,-77.08114,6,0,
159,39.00774,-77.04926,6,0,
159,39.00948,-77.04896,14,0,
159,39.00972,-77.04449,6,0,
159,39.01056,-77.05835,6,0,
159,39.01453,-77.05188,27,0,
159,39.01782,-77.0458,6,0,
160,39.04129,-77.02146,6,0,
160,39.04435,-77.03456,29,0,
160,39.04559,-77.02488,6,0,
160,39.05078,-77.02479,6,0,
161,38.98222,-77.07928,6,0,
161,38.98301,-77.07941,6,0,
161,38.98304,-77.07716,18,0,
161,38.98412,-77.08324,6,0,
161,38.98628,-77.07961,6,0,
162,38.98046,-77.08562,6,0,
162,38.98104,-77.08323,10,0,
162,38.98222,-77.07928,6,0,
162,38.98412,-77.08324,6,0,
163,39.13132,-76.97917,2942,0,
163,39.13871,-76.98799,6,0,
163,39.14203,-76.97144,6,0,
164,38.96359,-77.10657,6,0,
164,38.96461,-77.10341,14,0,
164,38.96472,-77.10362,6,0,
164,38.9689,-77.10301,6,0,
165,38.96349,-77.09102,12,0,
165,38.96523,-77.09741,6,0,
165,38.96618,-77.09656,6,0,
165,38.96953,-77.09753,6,0,
166,39.00745,-77.04347,6,0,
166,39.00948,-77.04896,14,0,
166,39.00972,-77.04449,6,0,
166,39.01339,-77.04191,6,0,
167,38.95045,-77.10413,29,0,
167,38.95289,-77.10014,6,0,
167,38.95512,-77.09898,6,0,
167,38.95537,-77.10235,5,0,
167,38.95673,-77.10311,6,0,
167,38.9568,-77.099,6,0,
168,38.94535,-77.1176,18,0,
168,38.94961,-77.10759,6,0,
168,38.95344,-77.11665,6,0,
169,39.06967,-76.9953,29,0,
169,39.07366,-76.98999,29,0,
169,39.07372,-76.99773,28,0,
169,39.07552,-76.99396,6,0,
169,39.07722,-76.98867,29,0,
169,39.08174,-77.00087,29,0,
170,39.0059,-77.04299,6,0,
170,39.00665,-77.04323,14,0,
170,39.00745,-77.04347,6,0,
171,38.99123,-77.0536,10,0,
171,38.99384,-77.05206,10,0,
171,38.99414,-77.04964,10,0,
171,38.99512,-77.05426,14,0,
172,38.96342,-77.08823,6,0,
172,38.96383,-77.08722,6,0,
172,38.96492,-77.08775,29,0,
172,38.97132,-77.08949,6,0,
173,39.05685,-76.99697,6,0,
173,39.05823,-76.99157,6,0,
173,39.05956,-76.99632,6,0,
173,39.06748,-76.99762,2941,0,
174,39.05533,-76.99558,27,0,
174,39.05685,-76.99697,6,0,
174,39.05956,-76.99632,6,0,
175,38.96191,-77.08625,6,0,
175,38.96342,-77.08823,6,0,
175,38.96383,-77.08722,6,0,
175,38.96492,-77.08775,29,0,
176,38.95182,-77.09931,6,0,
176,38.95276,-77.0975,5,0,
176,38.95377,-77.09621,6,0,
176,38.95512,-77.09898,6,0,
177,38.96017,-77.08655,6,0,
177,38.96085,-77.08577,22,0,
177,38.96191,-77.08625,6,0,
178,38.95182,-77.09931,6,0,
178,38.95276,-77.0975,5,0,
178,38.95289,-77.10014,6,0,
179,39.06802,-76.98839,29,0,
179,39.06967,-76.9953,29,0,
179,39.07366,-76.98999,29,0,
179,39.07552,-76.99396,6,0,
179,39.07722,-76.98867,29,0,
180,38.99946,-77.03188,24,0,
180,38.99953,-77.03189,28,0,
180,39.00832,-77.03008,28,0,
181,39.03408,-77.00451,6,0,
181,39.0346,-76.99848,29,0,
181,39.03547,-76.99706,6,0,
181,39.03698,-76.99963,6,0,
181,39.03774,-76.99773,6,0,
181,39.04108,-77.00085,21,0,
182,38.99212,-77.03632,6,0,
182,38.9924,-77.03601,2942,0,
182,38.99266,-77.03639,2942,0,
183,38.9977,-77.02699,6,0,
183,38.99902,-77.02625,22,0,
183,38.99904,-77.02617,6,0,
183,38.99969,-77.02795,6,0,
184,38.99686,-77.02543,6,0,
184,38.99688,-77.02544,6,0,
184,38.9977,-77.02699,6,0,
184,38.99788,-77.0247,6,0,
185,38.99454,-77.02804,18,0,
185,38.99455,-77.02689,22,0,
185,38.99455,-77.028,18,0,
185,38.99606,-77.02821,18,0,
186,39.0309,-76.99347,6,0,
186,39.0346,-76.99848,29,0,
186,39.03547,-76.99706,6,0,
186,39.03651,-76.9959,18,0,
186,39.03698,-76.99963,6,0,
186,39.03774,-76.99773,6,0,
187,38.9979,-77.02464,18,0,
187,38.99807,-77.02307,10,0,
187,38.99812,-77.02309,18,0,
188,38.99788,-77.0247,6,0,
188,38.9979,-77.02464,18,0,
188,38.99812,-77.02309,18,0,
189,38.99688,-77.02544,6,0,
189,38.99788,-77.0247,6,0,
189,38.9979,-77.02464,18,0,
189,38.99904,-77.02617,6,0,
190,38.99157,-77.02781,22,0,
190,38.99247,-77.02891,4,0,
190,38.99249,-77.02665,22,0,
190,38.9925,-77.02755,22,0,
190,38.99299,-77.02666,6,0,
190,38.99339,-77.02798,22,0,
191,39.10449,-76.959,6,0,
191,39.11069,-76.96292,29,0,
191,39.1117,-76.9472,6,0,
191,39.11451,-76.95431,6,0,
191,39.11975,-76.96556,6,0,
192,38.98158,-77.0228,27,0,
192,38.98452,-77.02661,18,0,
192,38.98453,-77.02661,18,0,
193,38.98452,-77.02661,18,0,
193,38.98453,-77.02661,18,0,
193,38.98455,-77.02663,22,0,
194,39.06125,-76.96738,6,0,
194,39.06305,-76.97241,4,0,
194,39.06511,-76.96468,6,0,
194,39.06643,-76.96739,6,0,
194,39.06978,-76.96246,6,0,
194,39.07067,-76.97063,27,0,
195,39.00975,-76.99982,14,0,
195,39.00981,-76.99984,14,0,
195,39.01088,-76.99982,5,0,
196,39.10766,-76.93831,5,0,
196,39.1117,-76.9472,6,0,
196,39.11451,-76.95431,6,0,
197,39.06511,-76.96468,6,0,
197,39.06643,-76.96739,6,0,
197,39.06797,-76.95924,29,0,
197,39.06978,-76.96246,6,0,
197,39.07304,-76.95957,6,0,
197,39.07468,-76.96361,18,0,
198,39.06125,-76.96738,6,0,
198,39.0627,-76.96273,28,0,
198,39.06501,-76.96062,10,0,
198,39.06511,-76.96468,6,0,
198,39.06643,-76.96739,6,0,
198,39.06978,-76.96246,6,0,
199,39.07304,-76.95957,6,0,
199,39.07336,-76.95416,6,0,
199,39.0734,-76.95576,18,0,
200,38.99959,-76.99537,18,0,
200,38.99966,-76.99528,29,0,
200,39.00153,-76.9956,29,0,
201,39.01164,-76.97984,6,0,
201,39.01249,-76.9797,6,0,
201,39.01318,-76.97934,6,0,
201,39.01387,-76.98418,14,0,
202,38.98188,-76.99689,8,0,
202,38.98335,-77.00033,29,0,
202,38.9883,-77.0008,8,0,
203,38.99416,-76.99258,28,0,
203,38.99422,-76.99258,28,0,
203,38.9956,-76.99223,28,0,
204,38.99422,-76.99258,28,0,
204,38.9956,-76.99223,28,0,
204,38.99676,-76.99192,29,0,
205,39.0116,-76.97982,28,0,
205,39.01164,-76.97984,6,0,
205,39.01249,-76.9797,6,0,
206,38.99268,-76.99148,28,0,
206,38.99383,-76.99113,28,0,
206,38.99416,-76.99258,28,0,
206,38.99422,-76.99258,28,0,
207,39.08105,-76.94633,18,0,
207,39.08106,-76.94638,18,0,
207,39.08214,-76.94728,6,0,
208,38.98898,-76.98772,28,0,
208,38.99268,-76.99148,28,0,
208,38.99281,-76.99126,2,0,
208,38.99383,-76.99113,28,0,
209,39.08946,-76.94011,6,0,
209,39.08999,-76.93828,6,0,
209,39.09,-76.93964,21,0,
210,39.07726,-76.93845,5,0,
210,39.07833,-76.94107,5,0,
210,39.07879,-76.93767,5,0,
210,39.079,-76.93995,29,0,
210,39.08206,-76.93929,5,0,
211,39.08474,-76.93659,21,0,
211,39.08909,-76.93687,6,0,
211,39.08999,-76.93828,6,0,
211,39.09029,-76.9343,6,0,
212,39.07879,-76.93767,5,0,
212,39.079,-76.93995,29,0,
212,39.08135,-76.9368,5,0,
212,39.08206,-76.93929,5,0,
212,39.08303,-76.93855,5,0,
212,39.08327,-76.94235,4,0,
213,39.07726,-76.93845,5,0,
213,39.07879,-76.93767,5,0,
213,39.079,-76.93995,29,0,
213,39.08135,-76.9368,5,0,
213,39.08206,-76.93929,5,0,
214,39.07635,-76.94006,5,0,
214,39.07726,-76.93845,5,0,
214,39.07879,-76.93767,5,0,
214,39.079,-76.93995,29,0,
215,39.08443,-76.93222,6,0,
215,39.08909,-76.93687,6,0,
215,39.09029,-76.9343,6,0,
215,39.09255,-76.92949,29,0,
215,39.09316,-76.93729,5,0,
215,39.09423,-76.93125,6,0,
216,39.07879,-76.93767,5,0,
216,39.08127,-76.9355,6,0,
216,39.08135,-76.9368,5,0,
216,39.08199,-76.93626,18,0,
216,39.08206,-76.93929,5,0,
216,39.08303,-76.93855,5,0,
